{
  "ramsay_health": {
    "provider": "Ramsay Health Care UK",
    "website": "https://www.ramsayhealth.co.uk",
    "total_hospitals": 34,
    "hospitals": [
      {
        "name": "Ashtead Hospital",
        "location": "Ashtead",
        "url": "https://www.ramsayhealth.co.uk/hospitals/ashtead-hospital/patients/prices",
        "pricing_url": "https://www.ramsayhealth.co.uk/hospitals/ashtead-hospital/patients/prices",
        "pricing_url_source": "manual",
        "scraping_override": null,
        "last_scraped": null,
        "last_scrape_status": "not-attempted"
      },
      {
        "name": "Beacon Park Hospital",
        "location": "Plymouth",
        "url": "https://www.ramsayhealth.co.uk/hospitals/beacon-park-hospital/patients/prices",
        "pricing_url": "https://www.ramsayhealth.co.uk/hospitals/beacon-park-hospital/patients/prices",
        "pricing_url_source": "manual",
        "scraping_override": null,
        "last_scraped": null,
        "last_scrape_status": "not-attempted"
      },
      {
        "name": "Berkshire Independent Hospital",
        "location": "Reading",
        "url": "https://www.ramsayhealth.co.uk/hospitals/berkshire-independent-hospital/patients/prices",
        "pricing_url": "https://www.ramsayhealth.co.uk/hospitals/berkshire-independent-hospital/patients/prices",
        "pricing_url_source": "manual",
        "scraping_override": null,
        "last_scraped": null,
        "last_scrape_status": "not-attempted"
      },
      {
        "name": "Blakelands Hospital",
        "location": "Milton Keynes",
        "url": "https://www.ramsayhealth.co.uk/hospitals/blakelands-hospital/patients/prices",
        "pricing_url": "https://www.ramsayhealth.co.uk/hospitals/blakelands-hospital/patients/prices",
        "pricing_url_source": "manual",
        "scraping_override": null,
        "last_scraped": null,
        "last_scrape_status": "not-attempted"
      },
      {
        "name": "Boston West Hospital",
        "location": "Boston",
        "url": "https://www.ramsayhealth.co.uk/hospitals/boston-west-hospital/patients/prices",
        "pricing_url": "https://www.ramsayhealth.co.uk/hospitals/boston-west-hospital/patients/prices",
        "pricing_url_source": "manual",
        "scraping_override": null,
        "last_scraped": null,
        "last_scrape_status": "not-attempted"
      },
      {
        "name": "Buckshaw Hospital",
        "location": "Chorley",
        "url": "https://www.ramsayhealth.co.uk/hospitals/buckshaw-hospital/patients/prices",
        "pricing_url": "https://www.ramsayhealth.co.uk/hospitals/buckshaw-hospital/patients/prices",
        "pricing_url_source": "manual",
        "scraping_override": null,
        "last_scraped": null,
        "last_scrape_status": "not-attempted"
      },
      {
        "name": "Clifton Park Hospital",
        "location": "York",
        "url": "https://www.ramsayhealth.co.uk/hospitals/clifton-park-hospital/patients/prices",
        "pricing_url": "https://www.ramsayhealth.co.uk/hospitals/clifton-park-hospital/patients/prices",
        "pricing_url_source": "manual",
        "scraping_override": null,
        "last_scraped": null,
        "last_scrape_status": "not-attempted"
      },
      {
        "name": "Cobalt Hospital",
        "location": "Cheltenham",
        "url": "https://www.ramsayhealth.co.uk/hospitals/cobalt-hospital/patients/prices",
        "pricing_url": "https://www.ramsayhealth.co.uk/hospitals/cobalt-hospital/patients/prices",
        "pricing_url_source": "manual",
        "scraping_override": null,
        "last_scraped": null,
        "last_scrape_status": "not-attempted"
      },
      {
        "name": "Duchy Hospital",
        "location": "Truro",
        "url": "https://www.ramsayhealth.co.uk/hospitals/duchy-hospital/patients/prices",
        "pricing_url": "https://www.ramsayhealth.co.uk/hospitals/duchy-hospital/patients/prices",
        "pricing_url_source": "manual",
        "scraping_override": null,
        "last_scraped": null,
        "last_scrape_status": "not-attempted"
      },
      {
        "name": "Euxton Hall Hospital",
        "location": "Chorley",
        "url": "https://www.ramsayhealth.co.uk/hospitals/euxton-hall-hospital/patients/prices",
        "pricing_url": "https://www.ramsayhealth.co.uk/hospitals/euxton-hall-hospital/patients/prices",
        "pricing_url_source": "manual",
        "scraping_override": null,
        "last_scraped": null,
        "last_scrape_status": "not-attempted"
      },
      {
        "name": "Exeter Medical",
        "location": "Exeter",
        "url": "https://www.ramsayhealth.co.uk/hospitals/exeter-medical/patients/prices",
        "pricing_url": "https://www.ramsayhealth.co.uk/hospitals/exeter-medical/patients/prices",
        "pricing_url_source": "manual",
        "scraping_override": null,
        "last_scraped": null,
        "last_scrape_status": "not-attempted"
      },
      {
        "name": "Fitzwilliam Hospital",
        "location": "Peterborough",
        "url": "https://www.ramsayhealth.co.uk/hospitals/fitzwilliam-hospital/patients/prices",
        "pricing_url": "https://www.ramsayhealth.co.uk/hospitals/fitzwilliam-hospital/patients/prices",
        "pricing_url_source": "manual",
        "scraping_override": null,
        "last_scraped": null,
        "last_scrape_status": "not-attempted"
      },
      {
        "name": "Fulwood Hall Hospital",
        "location": "Preston",
        "url": "https://www.ramsayhealth.co.uk/hospitals/fulwood-hall-hospital/patients/prices",
        "pricing_url": "https://www.ramsayhealth.co.uk/hospitals/fulwood-hall-hospital/patients/prices",
        "pricing_url_source": "manual",
        "scraping_override": null,
        "last_scraped": null,
        "last_scrape_status": "not-attempted"
      },
      {
        "name": "Glendon Wood Hospital",
        "location": "Kettering",
        "url": "https://www.ramsayhealth.co.uk/hospitals/glendon-wood-hospital/patients/prices",
        "pricing_url": "https://www.ramsayhealth.co.uk/hospitals/glendon-wood-hospital/patients/prices",
        "pricing_url_source": "manual",
        "scraping_override": null,
        "last_scraped": null,
        "last_scrape_status": "not-attempted"
      },
      {
        "name": "Mount Stuart Hospital",
        "location": "Torquay",
        "url": "https://www.ramsayhealth.co.uk/hospitals/mount-stuart-hospital/patients/prices",
        "pricing_url": "https://www.ramsayhealth.co.uk/hospitals/mount-stuart-hospital/patients/prices",
        "pricing_url_source": "manual",
        "scraping_override": null,
        "last_scraped": null,
        "last_scrape_status": "not-attempted"
      },
      {
        "name": "New Hall Hospital",
        "location": "Salisbury",
        "url": "https://www.ramsayhealth.co.uk/hospitals/new-hall-hospital/patients/prices",
        "pricing_url": "https://www.ramsayhealth.co.uk/hospitals/new-hall-hospital/patients/prices",
        "pricing_url_source": "manual",
        "scraping_override": null,
        "last_scraped": null,
        "last_scrape_status": "not-attempted"
      },
      {
        "name": "North Downs Hospital",
        "location": "Caterham",
        "url": "https://www.ramsayhealth.co.uk/hospitals/north-downs-hospital/patients/prices",
        "pricing_url": "https://www.ramsayhealth.co.uk/hospitals/north-downs-hospital/patients/prices",
        "pricing_url_source": "manual",
        "scraping_override": null,
        "last_scraped": null,
        "last_scrape_status": "not-attempted"
      },
      {
        "name": "Oaklands Hospital",
        "location": "Salford",
        "url": "https://www.ramsayhealth.co.uk/hospitals/oaklands-hospital/patients/prices",
        "pricing_url": "https://www.ramsayhealth.co.uk/hospitals/oaklands-hospital/patients/prices",
        "pricing_url_source": "manual",
        "scraping_override": null,
        "last_scraped": null,
        "last_scrape_status": "not-attempted"
      },
      {
        "name": "Oaks Hospital",
        "location": "Colchester",
        "url": "https://www.ramsayhealth.co.uk/hospitals/oaks-hospital/patients/prices",
        "pricing_url": "https://www.ramsayhealth.co.uk/hospitals/oaks-hospital/patients/prices",
        "pricing_url_source": "manual",
        "scraping_override": null,
        "last_scraped": null,
        "last_scrape_status": "not-attempted"
      },
      {
        "name": "Park Hill Hospital",
        "location": "Newton Abbot",
        "url": "https://www.ramsayhealth.co.uk/hospitals/park-hill-hospital/patients/prices",
        "pricing_url": "https://www.ramsayhealth.co.uk/hospitals/park-hill-hospital/patients/prices",
        "pricing_url_source": "manual",
        "scraping_override": null,
        "last_scraped": null,
        "last_scrape_status": "not-attempted"
      },
      {
        "name": "Pinehill Hospital",
        "location": "Hitchin",
        "url": "https://www.ramsayhealth.co.uk/hospitals/pinehill-hospital/patients/prices",
        "pricing_url": "https://www.ramsayhealth.co.uk/hospitals/pinehill-hospital/patients/prices",
        "pricing_url_source": "manual",
        "scraping_override": null,
        "last_scraped": null,
        "last_scrape_status": "not-attempted"
      },
      {
        "name": "Renacres Hospital",
        "location": "Ormskirk",
        "url": "https://www.ramsayhealth.co.uk/hospitals/renacres-hospital/patients/prices",
        "pricing_url": "https://www.ramsayhealth.co.uk/hospitals/renacres-hospital/patients/prices",
        "pricing_url_source": "manual",
        "scraping_override": null,
        "last_scraped": null,
        "last_scrape_status": "not-attempted"
      },
      {
        "name": "Rivers Hospital",
        "location": "Sawbridgeworth",
        "url": "https://www.ramsayhealth.co.uk/hospitals/rivers-hospital/patients/prices",
        "pricing_url": "https://www.ramsayhealth.co.uk/hospitals/rivers-hospital/patients/prices",
        "pricing_url_source": "manual",
        "scraping_override": null,
        "last_scraped": null,
        "last_scrape_status": "not-attempted"
      },
      {
        "name": "Rowley Hall Hospital",
        "location": "Stafford",
        "url": "https://www.ramsayhealth.co.uk/hospitals/rowley-hall-hospital/patients/prices",
        "pricing_url": "https://www.ramsayhealth.co.uk/hospitals/rowley-hall-hospital/patients/prices",
        "pricing_url_source": "manual",
        "scraping_override": null,
        "last_scraped": null,
        "last_scrape_status": "not-attempted"
      },
      {
        "name": "Springfield Hospital",
        "location": "Chelmsford",
        "url": "https://www.ramsayhealth.co.uk/hospitals/springfield-hospital/patients/prices",
        "pricing_url": "https://www.ramsayhealth.co.uk/hospitals/springfield-hospital/patients/prices",
        "pricing_url_source": "manual",
        "scraping_override": null,
        "last_scraped": null,
        "last_scrape_status": "not-attempted"
      },
      {
        "name": "Stourside Hospital",
        "location": "Stourbridge",
        "url": "https://www.ramsayhealth.co.uk/hospitals/stourside-hospital/patients/prices",
        "pricing_url": "https://www.ramsayhealth.co.uk/hospitals/stourside-hospital/patients/prices",
        "pricing_url_source": "manual",
        "scraping_override": null,
        "last_scraped": null,
        "last_scrape_status": "not-attempted"
      },
      {
        "name": "Tees Valley Hospital",
        "location": "Middlesbrough",
        "url": "https://www.ramsayhealth.co.uk/hospitals/tees-valley-hospital/patients/prices",
        "pricing_url": "https://www.ramsayhealth.co.uk/hospitals/tees-valley-hospital/patients/prices",
        "pricing_url_source": "manual",
        "scraping_override": null,
        "last_scraped": null,
        "last_scrape_status": "not-attempted"
      },
      {
        "name": "The Cherwell Hospital",
        "location": "Banbury",
        "url": "https://www.ramsayhealth.co.uk/hospitals/the-cherwell-hospital/patients/prices",
        "pricing_url": "https://www.ramsayhealth.co.uk/hospitals/the-cherwell-hospital/patients/prices",
        "pricing_url_source": "manual",
        "scraping_override": null,
        "last_scraped": null,
        "last_scrape_status": "not-attempted"
      },
      {
        "name": "The Yorkshire Clinic",
        "location": "Bradford",
        "url": "https://www.ramsayhealth.co.uk/hospitals/the-yorkshire-clinic/patients/prices",
        "pricing_url": "https://www.ramsayhealth.co.uk/hospitals/the-yorkshire-clinic/patients/prices",
        "pricing_url_source": "manual",
        "scraping_override": null,
        "last_scraped": null,
        "last_scrape_status": "not-attempted"
      },
      {
        "name": "Westbourne Centre",
        "location": "Birmingham",
        "url": "https://www.ramsayhealth.co.uk/hospitals/westbourne-centre/patients/prices",
        "pricing_url": "https://www.ramsayhealth.co.uk/hospitals/westbourne-centre/patients/prices",
        "pricing_url_source": "manual",
        "scraping_override": null,
        "last_scraped": null,
        "last_scrape_status": "not-attempted"
      },
      {
        "name": "West Midlands Hospital",
        "location": "Halesowen",
        "url": "https://www.ramsayhealth.co.uk/hospitals/west-midlands-hospital/patients/prices",
        "pricing_url": "https://www.ramsayhealth.co.uk/hospitals/west-midlands-hospital/patients/prices",
        "pricing_url_source": "manual",
        "scraping_override": null,
        "last_scraped": null,
        "last_scrape_status": "not-attempted"
      },
      {
        "name": "Winfield Hospital",
        "location": "Gloucester",
        "url": "https://www.ramsayhealth.co.uk/hospitals/winfield-hospital/patients/prices",
        "pricing_url": "https://www.ramsayhealth.co.uk/hospitals/winfield-hospital/patients/prices",
        "pricing_url_source": "manual",
        "scraping_override": null,
        "last_scraped": null,
        "last_scrape_status": "not-attempted"
      },
      {
        "name": "Woodland Hospital",
        "location": "Kettering",
        "url": "https://www.ramsayhealth.co.uk/hospitals/woodland-hospital/patients/prices",
        "pricing_url": "https://www.ramsayhealth.co.uk/hospitals/woodland-hospital/patients/prices",
        "pricing_url_source": "manual",
        "scraping_override": null,
        "last_scraped": null,
        "last_scrape_status": "not-attempted"
      },
      {
        "name": "Woodthorpe Hospital",
        "location": "Ashford",
        "url": "https://www.ramsayhealth.co.uk/hospitals/woodthorpe-hospital/patients/prices",
        "pricing_url": "https://www.ramsayhealth.co.uk/hospitals/woodthorpe-hospital/patients/prices",
        "pricing_url_source": "manual",
        "scraping_override": null,
        "last_scraped": null,
        "last_scrape_status": "not-attempted"
      }
    ],
    "scraping_method": "playwright",
    "bot_protection": "none",
    "last_tested": "2025-11-01",
    "last_scraped": null,
    "success_rate": null,
    "notes": "Consistent page structure. All hospitals accessible."
  },
  "nuffield_health": {
    "provider": "Nuffield Health",
    "website": "https://www.nuffieldhealth.com",
    "total_hospitals": 36,
    "total_clinics": 1,
    "total_locations": 37,
    "locations": [
      {
        "name": "Nuffield Health Bournemouth Hospital",
        "type": "Hospital",
        "town_city": "Bournemouth",
        "county": "Dorset",
        "region": "South West England",
        "full_address": "67 Lansdowne Road, Bournemouth, Dorset BH1 1RW",
        "url": "https://www.nuffieldhealth.com/hospitals/bournemouth/pricing",
        "pricing_url": "https://www.nuffieldhealth.com/hospitals/bournemouth/pricing",
        "pricing_url_source": "manual",
        "scraping_override": null,
        "last_scraped": null,
        "last_scrape_status": "not-attempted"
      },
      {
        "name": "Nuffield Health Brentwood Hospital",
        "type": "Hospital",
        "town_city": "Brentwood",
        "county": "Essex",
        "region": "East of England",
        "full_address": "Shenfield Road, Brentwood, Essex CM15 8EH",
        "url": "https://www.nuffieldhealth.com/hospitals/brentwood/pricing",
        "pricing_url": "https://www.nuffieldhealth.com/hospitals/brentwood/pricing",
        "pricing_url_source": "manual",
        "scraping_override": null,
        "last_scraped": null,
        "last_scrape_status": "not-attempted"
      },
      {
        "name": "Nuffield Health Brighton Hospital",
        "type": "Hospital",
        "town_city": "Brighton",
        "county": "East Sussex",
        "region": "South East England",
        "full_address": "Warren Road, Woodingdean, Brighton BN2 6DX",
        "url": "https://www.nuffieldhealth.com/hospitals/brighton/pricing",
        "pricing_url": "https://www.nuffieldhealth.com/hospitals/brighton/pricing",
        "pricing_url_source": "manual",
        "scraping_override": null,
        "last_scraped": null,
        "last_scrape_status": "not-attempted"
      },
      {
        "name": "Nuffield Health Bristol Hospital",
        "type": "Hospital",
        "town_city": "Bristol",
        "county": "Bristol",
        "region": "South West England",
        "full_address": "3 Clifton Hill, Clifton, Bristol BS8 1BN",
        "url": "https://www.nuffieldhealth.com/hospitals/bristol/pricing",
        "pricing_url": "https://www.nuffieldhealth.com/hospitals/bristol/pricing",
        "pricing_url_source": "manual",
        "scraping_override": null,
        "last_scraped": null,
        "last_scrape_status": "not-attempted"
      },
      {
        "name": "Nuffield Health Cambridge Hospital",
        "type": "Hospital",
        "town_city": "Cambridge",
        "county": "Cambridgeshire",
        "region": "East of England",
        "full_address": "4 Trumpington Road, Cambridge CB2 8AF",
        "url": "https://www.nuffieldhealth.com/hospitals/cambridge/pricing",
        "pricing_url": "https://www.nuffieldhealth.com/hospitals/cambridge/pricing",
        "pricing_url_source": "manual",
        "scraping_override": null,
        "last_scraped": null,
        "last_scrape_status": "not-attempted"
      },
      {
        "name": "Nuffield Health Cardiff & Vale Hospitals",
        "type": "Hospital",
        "town_city": "Cardiff",
        "county": "Vale of Glamorgan",
        "region": "Wales",
        "full_address": "The Vale Hospital, Hensol Castle Park, Hensol CF72 8JX; Cardiff Bay Hospital, Dunleavy Drive, Cardiff CF11 0SN",
        "url": "https://www.nuffieldhealth.com/hospitals/cardiff-and-vale/pricing",
        "pricing_url": "https://www.nuffieldhealth.com/hospitals/cardiff-and-vale/pricing",
        "pricing_url_source": "manual",
        "scraping_override": null,
        "last_scraped": null,
        "last_scrape_status": "not-attempted"
      },
      {
        "name": "Nuffield Health Cheltenham Hospital",
        "type": "Hospital",
        "town_city": "Cheltenham",
        "county": "Gloucestershire",
        "region": "South West England",
        "full_address": "Hatherley Lane, Cheltenham, Gloucestershire GL51 6SY",
        "url": "https://www.nuffieldhealth.com/hospitals/cheltenham/pricing",
        "pricing_url": "https://www.nuffieldhealth.com/hospitals/cheltenham/pricing",
        "pricing_url_source": "manual",
        "scraping_override": null,
        "last_scraped": null,
        "last_scrape_status": "not-attempted"
      },
      {
        "name": "Nuffield Health Chester, The Grosvenor Hospital",
        "type": "Hospital",
        "town_city": "Chester",
        "county": "Cheshire",
        "region": "North West England",
        "full_address": "Wrexham Road, Chester, Cheshire CH4 7QP",
        "url": "https://www.nuffieldhealth.com/hospitals/chester/pricing",
        "pricing_url": "https://www.nuffieldhealth.com/hospitals/chester/pricing",
        "pricing_url_source": "manual",
        "scraping_override": null,
        "last_scraped": null,
        "last_scrape_status": "not-attempted"
      },
      {
        "name": "Nuffield Health Chichester Hospital",
        "type": "Hospital",
        "town_city": "Chichester",
        "county": "West Sussex",
        "region": "South East England",
        "full_address": "78 Broyle Road, Chichester, West Sussex PO19 6WB",
        "url": "https://www.nuffieldhealth.com/hospitals/chichester/pricing",
        "pricing_url": "https://www.nuffieldhealth.com/hospitals/chichester/pricing",
        "pricing_url_source": "manual",
        "scraping_override": null,
        "last_scraped": null,
        "last_scrape_status": "not-attempted"
      },
      {
        "name": "Nuffield Health Derby Hospital",
        "type": "Hospital",
        "town_city": "Derby",
        "county": "Derbyshire",
        "region": "East Midlands",
        "full_address": "Rykneld Road, Littleover, Derby DE23 4SN",
        "url": "https://www.nuffieldhealth.com/hospitals/derby/pricing",
        "pricing_url": "https://www.nuffieldhealth.com/hospitals/derby/pricing",
        "pricing_url_source": "manual",
        "scraping_override": null,
        "last_scraped": null,
        "last_scrape_status": "not-attempted"
      },
      {
        "name": "Nuffield Health Edinburgh Hospital",
        "type": "Hospital",
        "town_city": "Edinburgh",
        "county": "City of Edinburgh",
        "region": "Scotland",
        "full_address": "40 Colinton Road, Edinburgh EH10 5BT",
        "url": "https://www.nuffieldhealth.com/hospitals/edinburgh/pricing",
        "pricing_url": "https://www.nuffieldhealth.com/hospitals/edinburgh/pricing",
        "pricing_url_source": "manual",
        "scraping_override": null,
        "last_scraped": null,
        "last_scrape_status": "not-attempted"
      },
      {
        "name": "Nuffield Health Exeter Hospital",
        "type": "Hospital",
        "town_city": "Exeter",
        "county": "Devon",
        "region": "South West England",
        "full_address": "Wonford Road, Exeter, Devon EX2 4UG",
        "url": "https://www.nuffieldhealth.com/hospitals/exeter/pricing",
        "pricing_url": "https://www.nuffieldhealth.com/hospitals/exeter/pricing",
        "pricing_url_source": "manual",
        "scraping_override": null,
        "last_scraped": null,
        "last_scrape_status": "not-attempted"
      },
      {
        "name": "Nuffield Health Glasgow Hospital",
        "type": "Hospital",
        "town_city": "Glasgow",
        "county": "Glasgow City",
        "region": "Scotland",
        "full_address": "25 Beaconsfield Road, Glasgow G12 0PJ",
        "url": "https://www.nuffieldhealth.com/hospitals/glasgow/pricing",
        "pricing_url": "https://www.nuffieldhealth.com/hospitals/glasgow/pricing",
        "pricing_url_source": "manual",
        "scraping_override": null,
        "last_scraped": null,
        "last_scrape_status": "not-attempted"
      },
      {
        "name": "Nuffield Health Guildford Hospital",
        "type": "Hospital",
        "town_city": "Guildford",
        "county": "Surrey",
        "region": "South East England",
        "full_address": "Stirling Road, Guildford, Surrey GU2 7RF",
        "url": "https://www.nuffieldhealth.com/hospitals/guildford/pricing",
        "pricing_url": "https://www.nuffieldhealth.com/hospitals/guildford/pricing",
        "pricing_url_source": "manual",
        "scraping_override": null,
        "last_scraped": null,
        "last_scrape_status": "not-attempted"
      },
      {
        "name": "Nuffield Health Haywards Heath Hospital",
        "type": "Hospital",
        "town_city": "Haywards Heath",
        "county": "West Sussex",
        "region": "South East England",
        "full_address": "Burrell Road, Haywards Heath, West Sussex RH16 1UD",
        "url": "https://www.nuffieldhealth.com/hospitals/haywards-heath/pricing",
        "pricing_url": "https://www.nuffieldhealth.com/hospitals/haywards-heath/pricing",
        "pricing_url_source": "manual",
        "scraping_override": null,
        "last_scraped": null,
        "last_scrape_status": "not-attempted"
      },
      {
        "name": "Nuffield Health Hereford Hospital",
        "type": "Hospital",
        "town_city": "Hereford",
        "county": "Herefordshire",
        "region": "West Midlands",
        "full_address": "Venns Lane, Hereford HR1 1DF",
        "url": "https://www.nuffieldhealth.com/hospitals/hereford/pricing",
        "pricing_url": "https://www.nuffieldhealth.com/hospitals/hereford/pricing",
        "pricing_url_source": "manual",
        "scraping_override": null,
        "last_scraped": null,
        "last_scrape_status": "not-attempted"
      },
      {
        "name": "Nuffield Health Highgate Hospital",
        "type": "Hospital",
        "town_city": "London",
        "county": "Greater London",
        "region": "London",
        "full_address": "17–19 View Road, Highgate, London N6 4DJ",
        "url": "https://www.nuffieldhealth.com/hospitals/highgate/pricing",
        "pricing_url": "https://www.nuffieldhealth.com/hospitals/highgate/pricing",
        "pricing_url_source": "manual",
        "scraping_override": null,
        "last_scraped": null,
        "last_scrape_status": "not-attempted"
      },
      {
        "name": "Nuffield Health Ipswich Hospital",
        "type": "Hospital",
        "town_city": "Ipswich",
        "county": "Suffolk",
        "region": "East of England",
        "full_address": "Foxhall Road, Ipswich, Suffolk IP4 5SW",
        "url": "https://www.nuffieldhealth.com/hospitals/ipswich/pricing",
        "pricing_url": "https://www.nuffieldhealth.com/hospitals/ipswich/pricing",
        "pricing_url_source": "manual",
        "scraping_override": null,
        "last_scraped": null,
        "last_scrape_status": "not-attempted"
      },
      {
        "name": "Nuffield Health Leeds Hospital",
        "type": "Hospital",
        "town_city": "Leeds",
        "county": "West Yorkshire",
        "region": "Yorkshire and the Humber",
        "full_address": "2 Leighton Street, Leeds LS1 3EB",
        "url": "https://www.nuffieldhealth.com/hospitals/leeds/pricing",
        "pricing_url": "https://www.nuffieldhealth.com/hospitals/leeds/pricing",
        "pricing_url_source": "manual",
        "scraping_override": null,
        "last_scraped": null,
        "last_scrape_status": "not-attempted"
      },
      {
        "name": "Nuffield Health Leicester Hospital",
        "type": "Hospital",
        "town_city": "Leicester",
        "county": "Leicestershire",
        "region": "East Midlands",
        "full_address": "Scraptoft Lane, Leicester LE5 1HY",
        "url": "https://www.nuffieldhealth.com/hospitals/leicester/pricing",
        "pricing_url": "https://www.nuffieldhealth.com/hospitals/leicester/pricing",
        "pricing_url_source": "manual",
        "scraping_override": null,
        "last_scraped": null,
        "last_scrape_status": "not-attempted"
      },
      {
        "name": "Nuffield Health Manchester Diagnostic Suite",
        "type": "Clinic",
        "town_city": "Manchester",
        "county": "Greater Manchester",
        "region": "North West England",
        "full_address": "Citylabs, Nelson Street, Manchester M13 9NQ",
        "url": "https://www.nuffieldhealth.com/hospitals/manchester-diagnostic-suite/pricing",
        "pricing_url": "https://www.nuffieldhealth.com/hospitals/manchester-diagnostic-suite/pricing",
        "pricing_url_source": "manual",
        "scraping_override": null,
        "last_scraped": null,
        "last_scrape_status": "not-attempted"
      },
      {
        "name": "Nuffield Health Newcastle upon Tyne Hospital",
        "type": "Hospital",
        "town_city": "Newcastle upon Tyne",
        "county": "Tyne and Wear",
        "region": "North East England",
        "full_address": "Clayton Road, Jesmond, Newcastle upon Tyne NE2 1JP",
        "url": "https://www.nuffieldhealth.com/hospitals/newcastle-upon-tyne/pricing",
        "pricing_url": "https://www.nuffieldhealth.com/hospitals/newcastle-upon-tyne/pricing",
        "pricing_url_source": "manual",
        "scraping_override": null,
        "last_scraped": null,
        "last_scrape_status": "not-attempted"
      },
      {
        "name": "Nuffield Health North Staffordshire Hospital",
        "type": "Hospital",
        "town_city": "Newcastle-under-Lyme",
        "county": "Staffordshire",
        "region": "West Midlands",
        "full_address": "Clayton Road, Newcastle-under-Lyme, Staffordshire ST5 4DB",
        "url": "https://www.nuffieldhealth.com/hospitals/north-staffordshire/pricing",
        "pricing_url": "https://www.nuffieldhealth.com/hospitals/north-staffordshire/pricing",
        "pricing_url_source": "manual",
        "scraping_override": null,
        "last_scraped": null,
        "last_scrape_status": "not-attempted"
      },
      {
        "name": "Nuffield Health The Manor Hospital, Oxford",
        "type": "Hospital",
        "town_city": "Oxford",
        "county": "Oxfordshire",
        "region": "South East England",
        "full_address": "Beech Road, Headington, Oxford OX3 7RP",
        "url": "https://www.nuffieldhealth.com/hospitals/oxford/pricing",
        "pricing_url": "https://www.nuffieldhealth.com/hospitals/oxford/pricing",
        "pricing_url_source": "manual",
        "scraping_override": null,
        "last_scraped": null,
        "last_scrape_status": "not-attempted"
      },
      {
        "name": "Nuffield Health Parkside Hospital",
        "type": "Hospital",
        "town_city": "London",
        "county": "Greater London",
        "region": "London",
        "full_address": "53 Parkside, Wimbledon, London SW19 5NX",
        "url": "https://www.nuffieldhealth.com/hospitals/parkside/pricing",
        "pricing_url": "https://www.nuffieldhealth.com/hospitals/parkside/pricing",
        "pricing_url_source": "manual",
        "scraping_override": null,
        "last_scraped": null,
        "last_scrape_status": "not-attempted"
      },
      {
        "name": "Nuffield Health Plymouth Hospital",
        "type": "Hospital",
        "town_city": "Plymouth",
        "county": "Devon",
        "region": "South West England",
        "full_address": "Derriford Road, Plymouth PL6 8BG",
        "url": "https://www.nuffieldhealth.com/hospitals/plymouth/pricing",
        "pricing_url": "https://www.nuffieldhealth.com/hospitals/plymouth/pricing",
        "pricing_url_source": "manual",
        "scraping_override": null,
        "last_scraped": null,
        "last_scrape_status": "not-attempted"
      },
      {
        "name": "Nuffield Health Shrewsbury Hospital",
        "type": "Hospital",
        "town_city": "Shrewsbury",
        "county": "Shropshire",
        "region": "West Midlands",
        "full_address": "Longden Road, Shrewsbury SY3 9DP",
        "url": "https://www.nuffieldhealth.com/hospitals/shrewsbury/pricing",
        "pricing_url": "https://www.nuffieldhealth.com/hospitals/shrewsbury/pricing",
        "pricing_url_source": "manual",
        "scraping_override": null,
        "last_scraped": null,
        "last_scrape_status": "not-attempted"
      },
      {
        "name": "Nuffield Health Taunton Hospital",
        "type": "Hospital",
        "town_city": "Taunton",
        "county": "Somerset",
        "region": "South West England",
        "full_address": "Staplegrove Elm, Taunton TA2 6AN",
        "url": "https://www.nuffieldhealth.com/hospitals/taunton/pricing",
        "pricing_url": "https://www.nuffieldhealth.com/hospitals/taunton/pricing",
        "pricing_url_source": "manual",
        "scraping_override": null,
        "last_scraped": null,
        "last_scrape_status": "not-attempted"
      },
      {
        "name": "Nuffield Health Tees Hospital",
        "type": "Hospital",
        "town_city": "Stockton-on-Tees",
        "county": "Stockton-on-Tees",
        "region": "North East England",
        "full_address": "Junction Road, Norton, Stockton-on-Tees TS20 1PX",
        "url": "https://www.nuffieldhealth.com/hospitals/tees/pricing",
        "pricing_url": "https://www.nuffieldhealth.com/hospitals/tees/pricing",
        "pricing_url_source": "manual",
        "scraping_override": null,
        "last_scraped": null,
        "last_scrape_status": "not-attempted"
      },
      {
        "name": "Nuffield Health The Holly Hospital",
        "type": "Hospital",
        "town_city": "Buckhurst Hill",
        "county": "Essex",
        "region": "East of England",
        "full_address": "High Road, Buckhurst Hill, Essex IG9 5HX",
        "url": "https://www.nuffieldhealth.com/hospitals/the-holly/pricing",
        "pricing_url": "https://www.nuffieldhealth.com/hospitals/the-holly/pricing",
        "pricing_url_source": "manual",
        "scraping_override": null,
        "last_scraped": null,
        "last_scrape_status": "not-attempted"
      },
      {
        "name": "Nuffield Health Tunbridge Wells Hospital",
        "type": "Hospital",
        "town_city": "Tunbridge Wells",
        "county": "Kent",
        "region": "South East England",
        "full_address": "Kingswood Road, Tunbridge Wells, Kent TN2 4UL",
        "url": "https://www.nuffieldhealth.com/hospitals/tunbridge-wells/pricing",
        "pricing_url": "https://www.nuffieldhealth.com/hospitals/tunbridge-wells/pricing",
        "pricing_url_source": "manual",
        "scraping_override": null,
        "last_scraped": null,
        "last_scrape_status": "not-attempted"
      },
      {
        "name": "Nuffield Health Warwickshire Hospital",
        "type": "Hospital",
        "town_city": "Leamington Spa",
        "county": "Warwickshire",
        "region": "West Midlands",
        "full_address": "The Chase, Old Milverton Lane, Leamington Spa CV32 6RW",
        "url": "https://www.nuffieldhealth.com/hospitals/warwickshire/pricing",
        "pricing_url": "https://www.nuffieldhealth.com/hospitals/warwickshire/pricing",
        "pricing_url_source": "manual",
        "scraping_override": null,
        "last_scraped": null,
        "last_scrape_status": "not-attempted"
      },
      {
        "name": "Nuffield Health Wessex Hospital",
        "type": "Hospital",
        "town_city": "Eastleigh",
        "county": "Hampshire",
        "region": "South East England",
        "full_address": "Winchester Road, Chandlers Ford, Eastleigh SO53 2DW",
        "url": "https://www.nuffieldhealth.com/hospitals/wessex/pricing",
        "pricing_url": "https://www.nuffieldhealth.com/hospitals/wessex/pricing",
        "pricing_url_source": "manual",
        "scraping_override": null,
        "last_scraped": null,
        "last_scrape_status": "not-attempted"
      },
      {
        "name": "Nuffield Health Woking Hospital",
        "type": "Hospital",
        "town_city": "Woking",
        "county": "Surrey",
        "region": "South East England",
        "full_address": "Shores Road, Woking, Surrey GU21 4BY",
        "url": "https://www.nuffieldhealth.com/hospitals/woking/pricing",
        "pricing_url": "https://www.nuffieldhealth.com/hospitals/woking/pricing",
        "pricing_url_source": "manual",
        "scraping_override": null,
        "last_scraped": null,
        "last_scrape_status": "not-attempted"
      },
      {
        "name": "Nuffield Health Wolverhampton Hospital",
        "type": "Hospital",
        "town_city": "Wolverhampton",
        "county": "West Midlands",
        "region": "West Midlands",
        "full_address": "Wood Road, Tettenhall, Wolverhampton WV6 8LE",
        "url": "https://www.nuffieldhealth.com/hospitals/wolverhampton/pricing",
        "pricing_url": "https://www.nuffieldhealth.com/hospitals/wolverhampton/pricing",
        "pricing_url_source": "manual",
        "scraping_override": null,
        "last_scraped": null,
        "last_scrape_status": "not-attempted"
      },
      {
        "name": "Nuffield Health York Hospital",
        "type": "Hospital",
        "town_city": "York",
        "county": "North Yorkshire",
        "region": "Yorkshire and the Humber",
        "full_address": "Haxby Road, York YO31 8TA",
        "url": "https://www.nuffieldhealth.com/hospitals/york/pricing",
        "pricing_url": "https://www.nuffieldhealth.com/hospitals/york/pricing",
        "pricing_url_source": "manual",
        "scraping_override": null,
        "last_scraped": null,
        "last_scrape_status": "not-attempted"
      }
    ],
    "scraping_method": "playwright",
    "bot_protection": "none",
    "last_tested": "2025-11-01",
    "last_scraped": null,
    "success_rate": null,
    "notes": "Some URLs return 404 - may be closed or changed URLs."
  },
  "circle_health": {
    "provider": "Circle Health Group",
    "website": "https://www.circlehealthgroup.co.uk",
    "total_hospitals": 45,
    "total_clinics": 3,
    "total_outpatient_centres": 1,
    "total_locations": 49,
    "locations": [
      {
        "name": "The Alexandra Hospital",
        "type": "Hospital",
        "town_city": "Cheadle",
        "county": "Greater Manchester",
        "region": "North West",
        "full_address": "Mill Lane, Cheadle, Greater Manchester, SK8 2PX",
        "url": "https://www.circlehealthgroup.co.uk/hospitals/the-alexandra-hospital/treatments-prices",
        "pricing_url": "https://www.circlehealthgroup.co.uk/hospitals/the-alexandra-hospital/treatments-prices",
        "pricing_url_source": "manual",
        "scraping_override": null,
        "last_scraped": null,
        "last_scrape_status": "not-attempted"
      },
      {
        "name": "Albyn Hospital",
        "type": "Hospital",
        "town_city": "Aberdeen",
        "county": "Aberdeen City",
        "region": "Scotland",
        "full_address": "21–24 Albyn Place, Aberdeen, AB10 1RW",
        "url": "https://www.circlehealthgroup.co.uk/hospitals/albyn-hospital/treatments-prices",
        "pricing_url": "https://www.circlehealthgroup.co.uk/hospitals/albyn-hospital/treatments-prices",
        "pricing_url_source": "manual",
        "scraping_override": null,
        "last_scraped": null,
        "last_scrape_status": "not-attempted"
      },
      {
        "name": "Bath Clinic",
        "type": "Hospital",
        "town_city": "Bath",
        "county": "Bath and North East Somerset",
        "region": "South West",
        "full_address": "Claverton Down Road, Combe Down, Bath, BA2 7BR",
        "url": "https://www.circlehealthgroup.co.uk/hospitals/bath-clinic/treatments-prices",
        "pricing_url": "https://www.circlehealthgroup.co.uk/hospitals/bath-clinic/treatments-prices",
        "pricing_url_source": "manual",
        "scraping_override": null,
        "last_scraped": null,
        "last_scrape_status": "not-attempted"
      },
      {
        "name": "The Beardwood Hospital",
        "type": "Hospital",
        "town_city": "Blackburn",
        "county": "Lancashire",
        "region": "North West",
        "full_address": "Preston New Road, Blackburn, Lancashire, BB2 7AE",
        "url": "https://www.circlehealthgroup.co.uk/hospitals/the-beardwood-hospital/treatments-prices",
        "pricing_url": "https://www.circlehealthgroup.co.uk/hospitals/the-beardwood-hospital/treatments-prices",
        "pricing_url_source": "manual",
        "scraping_override": null,
        "last_scraped": null,
        "last_scrape_status": "not-attempted"
      },
      {
        "name": "The Beaumont Hospital",
        "type": "Hospital",
        "town_city": "Bolton",
        "county": "Greater Manchester",
        "region": "North West",
        "full_address": "Old Hall Clough, Chorley New Road, Lostock, Bolton, Greater Manchester, BL6 4LA",
        "url": "https://www.circlehealthgroup.co.uk/hospitals/the-beaumont-hospital/treatments-prices",
        "pricing_url": "https://www.circlehealthgroup.co.uk/hospitals/the-beaumont-hospital/treatments-prices",
        "pricing_url_source": "manual",
        "scraping_override": null,
        "last_scraped": null,
        "last_scrape_status": "not-attempted"
      },
      {
        "name": "Bishops Wood Hospital",
        "type": "Hospital",
        "town_city": "Northwood",
        "county": "Greater London",
        "region": "London",
        "full_address": "Rickmansworth Road, Northwood, Greater London, HA6 2JW",
        "url": "https://www.circlehealthgroup.co.uk/hospitals/bishops-wood-hospital/treatments-prices",
        "pricing_url": "https://www.circlehealthgroup.co.uk/hospitals/bishops-wood-hospital/treatments-prices",
        "pricing_url_source": "manual",
        "scraping_override": null,
        "last_scraped": null,
        "last_scrape_status": "not-attempted"
      },
      {
        "name": "The Blackheath Hospital",
        "type": "Hospital",
        "town_city": "London",
        "county": "Greater London",
        "region": "London",
        "full_address": "40–42 Lee Terrace, Blackheath, London, SE3 9UD",
        "url": "https://www.circlehealthgroup.co.uk/hospitals/the-blackheath-hospital/treatments-prices",
        "pricing_url": "https://www.circlehealthgroup.co.uk/hospitals/the-blackheath-hospital/treatments-prices",
        "pricing_url_source": "manual",
        "scraping_override": null,
        "last_scraped": null,
        "last_scrape_status": "not-attempted"
      },
      {
        "name": "The Cavell Hospital",
        "type": "Hospital",
        "town_city": "Enfield",
        "county": "Greater London",
        "region": "London",
        "full_address": "Cavell Drive, Uplands Park Road, Enfield, Greater London, EN2 7PR",
        "url": "https://www.circlehealthgroup.co.uk/hospitals/the-cavell-hospital/treatments-prices",
        "pricing_url": "https://www.circlehealthgroup.co.uk/hospitals/the-cavell-hospital/treatments-prices",
        "pricing_url_source": "manual",
        "scraping_override": null,
        "last_scraped": null,
        "last_scrape_status": "not-attempted"
      },
      {
        "name": "Chelsfield Park Hospital",
        "type": "Hospital",
        "town_city": "Orpington",
        "county": "Kent",
        "region": "South East",
        "full_address": "Bucks Cross Road, Chelsfield, Orpington, Kent, BR6 7RG",
        "url": "https://www.circlehealthgroup.co.uk/hospitals/chelsfield-park-hospital/treatments-prices",
        "pricing_url": "https://www.circlehealthgroup.co.uk/hospitals/chelsfield-park-hospital/treatments-prices",
        "pricing_url_source": "manual",
        "scraping_override": null,
        "last_scraped": null,
        "last_scrape_status": "not-attempted"
      },
      {
        "name": "The Chiltern Hospital",
        "type": "Hospital",
        "town_city": "Great Missenden",
        "county": "Buckinghamshire",
        "region": "South East",
        "full_address": "London Road, Great Missenden, Buckinghamshire, HP16 0EN",
        "url": "https://www.circlehealthgroup.co.uk/hospitals/the-chiltern-hospital/treatments-prices",
        "pricing_url": "https://www.circlehealthgroup.co.uk/hospitals/the-chiltern-hospital/treatments-prices",
        "pricing_url_source": "manual",
        "scraping_override": null,
        "last_scraped": null,
        "last_scrape_status": "not-attempted"
      },
      {
        "name": "Circle Reading Hospital",
        "type": "Hospital",
        "town_city": "Reading",
        "county": "Berkshire",
        "region": "South East",
        "full_address": "100 Drake Way, Reading, Berkshire, RG2 0NE",
        "url": "https://www.circlehealthgroup.co.uk/hospitals/circle-reading-hospital/treatments-prices",
        "pricing_url": "https://www.circlehealthgroup.co.uk/hospitals/circle-reading-hospital/treatments-prices",
        "pricing_url_source": "manual",
        "scraping_override": null,
        "last_scraped": null,
        "last_scrape_status": "not-attempted"
      },
      {
        "name": "The Clementine Churchill Hospital",
        "type": "Hospital",
        "town_city": "Harrow",
        "county": "Greater London",
        "region": "London",
        "full_address": "Sudbury Hill, Harrow, Greater London, HA1 3RX",
        "url": "https://www.circlehealthgroup.co.uk/hospitals/the-clementine-churchill-hospital/treatments-prices",
        "pricing_url": "https://www.circlehealthgroup.co.uk/hospitals/the-clementine-churchill-hospital/treatments-prices",
        "pricing_url_source": "manual",
        "scraping_override": null,
        "last_scraped": null,
        "last_scrape_status": "not-attempted"
      },
      {
        "name": "The Droitwich Spa Hospital",
        "type": "Hospital",
        "town_city": "Droitwich Spa",
        "county": "Worcestershire",
        "region": "West Midlands",
        "full_address": "St Andrews Road, Droitwich Spa, Worcestershire, WR9 8DN",
        "url": "https://www.circlehealthgroup.co.uk/hospitals/the-droitwich-spa-hospital/treatments-prices",
        "pricing_url": "https://www.circlehealthgroup.co.uk/hospitals/the-droitwich-spa-hospital/treatments-prices",
        "pricing_url_source": "manual",
        "scraping_override": null,
        "last_scraped": null,
        "last_scrape_status": "not-attempted"
      },
      {
        "name": "The Duchy Hospital",
        "type": "Hospital",
        "town_city": "Harrogate",
        "county": "North Yorkshire",
        "region": "Yorkshire and the Humber",
        "full_address": "Windsor Crescent, Harrogate, North Yorkshire, HG1 2RR",
        "url": "https://www.circlehealthgroup.co.uk/hospitals/the-duchy-hospital/treatments-prices",
        "pricing_url": "https://www.circlehealthgroup.co.uk/hospitals/the-duchy-hospital/treatments-prices",
        "pricing_url_source": "manual",
        "scraping_override": null,
        "last_scraped": null,
        "last_scrape_status": "not-attempted"
      },
      {
        "name": "Dundee Outpatient Centre",
        "type": "Outpatient Centre",
        "town_city": "Dundee",
        "county": "Dundee City",
        "region": "Scotland",
        "full_address": "9 St Mary's Place, Dundee, DD1 4AZ",
        "url": "https://www.circlehealthgroup.co.uk/hospitals/dundee-outpatient-centre/treatments-prices",
        "pricing_url": "https://www.circlehealthgroup.co.uk/hospitals/dundee-outpatient-centre/treatments-prices",
        "pricing_url_source": "manual",
        "scraping_override": null,
        "last_scraped": null,
        "last_scrape_status": "not-attempted"
      },
      {
        "name": "Fairfield Independent Hospital",
        "type": "Hospital",
        "town_city": "St Helens",
        "county": "Merseyside",
        "region": "North West",
        "full_address": "Crank Road, St Helens, Merseyside, WA11 7RS",
        "url": "https://www.circlehealthgroup.co.uk/hospitals/fairfield-independent-hospital/treatments-prices",
        "pricing_url": "https://www.circlehealthgroup.co.uk/hospitals/fairfield-independent-hospital/treatments-prices",
        "pricing_url_source": "manual",
        "scraping_override": null,
        "last_scraped": null,
        "last_scrape_status": "not-attempted"
      },
      {
        "name": "Goring Hall Hospital",
        "type": "Hospital",
        "town_city": "Worthing",
        "county": "West Sussex",
        "region": "South East",
        "full_address": "Bodiam Avenue, Goring-by-Sea, Worthing, West Sussex, BN12 5AT",
        "url": "https://www.circlehealthgroup.co.uk/hospitals/goring-hall-hospital/treatments-prices",
        "pricing_url": "https://www.circlehealthgroup.co.uk/hospitals/goring-hall-hospital/treatments-prices",
        "pricing_url_source": "manual",
        "scraping_override": null,
        "last_scraped": null,
        "last_scrape_status": "not-attempted"
      },
      {
        "name": "The Hampshire Clinic",
        "type": "Hospital",
        "town_city": "Basingstoke",
        "county": "Hampshire",
        "region": "South East",
        "full_address": "Basing Road, Old Basing, Basingstoke, Hampshire, RG24 7AL",
        "url": "https://www.circlehealthgroup.co.uk/hospitals/the-hampshire-clinic/treatments-prices",
        "pricing_url": "https://www.circlehealthgroup.co.uk/hospitals/the-hampshire-clinic/treatments-prices",
        "pricing_url_source": "manual",
        "scraping_override": null,
        "last_scraped": null,
        "last_scrape_status": "not-attempted"
      },
      {
        "name": "The Harbour Hospital",
        "type": "Hospital",
        "town_city": "Poole",
        "county": "Dorset",
        "region": "South West",
        "full_address": "St Mary's Road, Poole, Dorset, BH15 2BH",
        "url": "https://www.circlehealthgroup.co.uk/hospitals/the-harbour-hospital/treatments-prices",
        "pricing_url": "https://www.circlehealthgroup.co.uk/hospitals/the-harbour-hospital/treatments-prices",
        "pricing_url_source": "manual",
        "scraping_override": null,
        "last_scraped": null,
        "last_scrape_status": "not-attempted"
      },
      {
        "name": "The Highfield Hospital",
        "type": "Hospital",
        "town_city": "Rochdale",
        "county": "Greater Manchester",
        "region": "North West",
        "full_address": "Manchester Road, Rochdale, Greater Manchester, OL11 4LZ",
        "url": "https://www.circlehealthgroup.co.uk/hospitals/the-highfield-hospital/treatments-prices",
        "pricing_url": "https://www.circlehealthgroup.co.uk/hospitals/the-highfield-hospital/treatments-prices",
        "pricing_url_source": "manual",
        "scraping_override": null,
        "last_scraped": null,
        "last_scrape_status": "not-attempted"
      },
      {
        "name": "Huddersfield Private Hospital",
        "type": "Hospital",
        "town_city": "Huddersfield",
        "county": "West Yorkshire",
        "region": "Yorkshire and the Humber",
        "full_address": "Birkby Hall Road, Birkby, Huddersfield, West Yorkshire, HD2 2BL",
        "url": "https://www.circlehealthgroup.co.uk/hospitals/the-huddersfield-hospital/treatments-prices",
        "pricing_url": "https://www.circlehealthgroup.co.uk/hospitals/the-huddersfield-hospital/treatments-prices",
        "pricing_url_source": "manual",
        "scraping_override": null,
        "last_scraped": null,
        "last_scrape_status": "not-attempted"
      },
      {
        "name": "The Kings Oak Hospital",
        "type": "Hospital",
        "town_city": "Enfield",
        "county": "Greater London",
        "region": "London",
        "full_address": "Chase Farm (North Side), The Ridgeway, Enfield, London, EN2 8SD",
        "url": "https://www.circlehealthgroup.co.uk/hospitals/the-kings-oak-hospital/treatments-prices",
        "pricing_url": "https://www.circlehealthgroup.co.uk/hospitals/the-kings-oak-hospital/treatments-prices",
        "pricing_url_source": "manual",
        "scraping_override": null,
        "last_scraped": null,
        "last_scrape_status": "not-attempted"
      },
      {
        "name": "Kings Park Hospital",
        "type": "Hospital",
        "town_city": "Stirling",
        "county": "Stirling",
        "region": "Scotland",
        "full_address": "Polmaise Road, Stirling, FK7 9JH",
        "url": "https://www.circlehealthgroup.co.uk/hospitals/kings-park-hospital/treatments-prices",
        "pricing_url": "https://www.circlehealthgroup.co.uk/hospitals/kings-park-hospital/treatments-prices",
        "pricing_url_source": "manual",
        "scraping_override": null,
        "last_scraped": null,
        "last_scrape_status": "not-attempted"
      },
      {
        "name": "The Lancaster Hospital",
        "type": "Hospital",
        "town_city": "Lancaster",
        "county": "Lancashire",
        "region": "North West",
        "full_address": "Wordsworth Drive, Lancaster, Lancashire, LA1 3AW",
        "url": "https://www.circlehealthgroup.co.uk/hospitals/the-lancaster-hospital/treatments-prices",
        "pricing_url": "https://www.circlehealthgroup.co.uk/hospitals/the-lancaster-hospital/treatments-prices",
        "pricing_url_source": "manual",
        "scraping_override": null,
        "last_scraped": null,
        "last_scrape_status": "not-attempted"
      },
      {
        "name": "The Lincoln Hospital",
        "type": "Hospital",
        "town_city": "Lincoln",
        "county": "Lincolnshire",
        "region": "East Midlands",
        "full_address": "Nettleham Road, Lincoln, Lincolnshire, LN2 1QU",
        "url": "https://www.circlehealthgroup.co.uk/hospitals/the-lincoln-hospital/treatments-prices",
        "pricing_url": "https://www.circlehealthgroup.co.uk/hospitals/the-lincoln-hospital/treatments-prices",
        "pricing_url_source": "manual",
        "scraping_override": null,
        "last_scraped": null,
        "last_scrape_status": "not-attempted"
      },
      {
        "name": "The London Independent Hospital",
        "type": "Hospital",
        "town_city": "London",
        "county": "Greater London",
        "region": "London",
        "full_address": "1 Beaumont Square, Stepney Green, London, E1 4NL",
        "url": "https://www.circlehealthgroup.co.uk/hospitals/the-london-independent-hospital/treatments-prices",
        "pricing_url": "https://www.circlehealthgroup.co.uk/hospitals/the-london-independent-hospital/treatments-prices",
        "pricing_url_source": "manual",
        "scraping_override": null,
        "last_scraped": null,
        "last_scrape_status": "not-attempted"
      },
      {
        "name": "The Manor Hospital",
        "type": "Hospital",
        "town_city": "Bedford",
        "county": "Bedfordshire",
        "region": "East of England",
        "full_address": "Church End, Biddenham, Bedford, Bedfordshire, MK40 4AW",
        "url": "https://www.circlehealthgroup.co.uk/hospitals/the-manor-hospital/treatments-prices",
        "pricing_url": "https://www.circlehealthgroup.co.uk/hospitals/the-manor-hospital/treatments-prices",
        "pricing_url_source": "manual",
        "scraping_override": null,
        "last_scraped": null,
        "last_scrape_status": "not-attempted"
      },
      {
        "name": "The Manor Hospital",
        "type": "Hospital",
        "town_city": "Oxford",
        "county": "Oxfordshire",
        "region": "South East",
        "full_address": "John Radcliffe Road, Headington, Oxford, Oxfordshire, OX3 9DU",
        "url": "https://www.circlehealthgroup.co.uk/hospitals/the-manor-hospital/treatments-prices",
        "pricing_url": "https://www.circlehealthgroup.co.uk/hospitals/the-manor-hospital/treatments-prices",
        "pricing_url_source": "manual",
        "scraping_override": null,
        "last_scraped": null,
        "last_scrape_status": "not-attempted"
      },
      {
        "name": "The Meriden Hospital",
        "type": "Hospital",
        "town_city": "Coventry",
        "county": "Warwickshire",
        "region": "West Midlands",
        "full_address": "Clifford Bridge Road, University Hospital Site, Coventry, Warwickshire, CV2 2LQ",
        "url": "https://www.circlehealthgroup.co.uk/hospitals/the-meriden-hospital/treatments-prices",
        "pricing_url": "https://www.circlehealthgroup.co.uk/hospitals/the-meriden-hospital/treatments-prices",
        "pricing_url_source": "manual",
        "scraping_override": null,
        "last_scraped": null,
        "last_scrape_status": "not-attempted"
      },
      {
        "name": "Mount Alvernia Hospital",
        "type": "Hospital",
        "town_city": "Guildford",
        "county": "Surrey",
        "region": "South East",
        "full_address": "Harvey Road, Guildford, Surrey, GU1 3LX",
        "url": "https://www.circlehealthgroup.co.uk/hospitals/mount-alvernia-hospital/treatments-prices",
        "pricing_url": "https://www.circlehealthgroup.co.uk/hospitals/mount-alvernia-hospital/treatments-prices",
        "pricing_url_source": "manual",
        "scraping_override": null,
        "last_scraped": null,
        "last_scrape_status": "not-attempted"
      },
      {
        "name": "The Park Hospital",
        "type": "Hospital",
        "town_city": "Nottingham",
        "county": "Nottinghamshire",
        "region": "East Midlands",
        "full_address": "Sherwood Lodge Drive, Burntstump Country Park, Arnold, Nottinghamshire, NG5 8RX",
        "url": "https://www.circlehealthgroup.co.uk/hospitals/the-park-hospital/treatments-prices",
        "pricing_url": "https://www.circlehealthgroup.co.uk/hospitals/the-park-hospital/treatments-prices",
        "pricing_url_source": "manual",
        "scraping_override": null,
        "last_scraped": null,
        "last_scrape_status": "not-attempted"
      },
      {
        "name": "The Princess Margaret Hospital",
        "type": "Hospital",
        "town_city": "Windsor",
        "county": "Berkshire",
        "region": "South East",
        "full_address": "Osborne Road, Windsor, Berkshire, SL4 3SJ",
        "url": "https://www.circlehealthgroup.co.uk/hospitals/the-princess-margaret-hospital/treatments-prices",
        "pricing_url": "https://www.circlehealthgroup.co.uk/hospitals/the-princess-margaret-hospital/treatments-prices",
        "pricing_url_source": "manual",
        "scraping_override": null,
        "last_scraped": null,
        "last_scrape_status": "not-attempted"
      },
      {
        "name": "The Priory Hospital",
        "type": "Hospital",
        "town_city": "Birmingham",
        "county": "West Midlands",
        "region": "West Midlands",
        "full_address": "Priory Road, Edgbaston, Birmingham, West Midlands, B5 7UG",
        "url": "https://www.circlehealthgroup.co.uk/hospitals/the-priory-hospital/treatments-prices",
        "pricing_url": "https://www.circlehealthgroup.co.uk/hospitals/the-priory-hospital/treatments-prices",
        "pricing_url_source": "manual",
        "scraping_override": null,
        "last_scraped": null,
        "last_scrape_status": "not-attempted"
      },
      {
        "name": "The Ridgeway Hospital",
        "type": "Hospital",
        "town_city": "Swindon",
        "county": "Wiltshire",
        "region": "South West",
        "full_address": "Moormead Road, Wroughton, Swindon, Wiltshire, SN4 9DD",
        "url": "https://www.circlehealthgroup.co.uk/hospitals/the-ridgeway-hospital/treatments-prices",
        "pricing_url": "https://www.circlehealthgroup.co.uk/hospitals/the-ridgeway-hospital/treatments-prices",
        "pricing_url_source": "manual",
        "scraping_override": null,
        "last_scraped": null,
        "last_scrape_status": "not-attempted"
      },
      {
        "name": "Ross Hall Clinic Braehead",
        "type": "Clinic",
        "town_city": "Renfrew",
        "county": "Renfrewshire",
        "region": "Scotland",
        "full_address": "Kings Inch Place, Renfrew, Renfrewshire, PA4 8WF",
        "url": "https://www.circlehealthgroup.co.uk/hospitals/ross-hall-clinic-braehead/treatments-prices",
        "pricing_url": "https://www.circlehealthgroup.co.uk/hospitals/ross-hall-clinic-braehead/treatments-prices",
        "pricing_url_source": "manual",
        "scraping_override": null,
        "last_scraped": null,
        "last_scrape_status": "not-attempted"
      },
      {
        "name": "Ross Hall Hospital",
        "type": "Hospital",
        "town_city": "Glasgow",
        "county": "Glasgow City",
        "region": "Scotland",
        "full_address": "221 Crookston Road, Glasgow, G52 3NQ",
        "url": "https://www.circlehealthgroup.co.uk/hospitals/ross-hall-hospital/treatments-prices",
        "pricing_url": "https://www.circlehealthgroup.co.uk/hospitals/ross-hall-hospital/treatments-prices",
        "pricing_url_source": "manual",
        "scraping_override": null,
        "last_scraped": null,
        "last_scrape_status": "not-attempted"
      },
      {
        "name": "The Runnymede Hospital",
        "type": "Hospital",
        "town_city": "Chertsey",
        "county": "Surrey",
        "region": "South East",
        "full_address": "Guildford Road, Ottershaw, Chertsey, Surrey, KT16 0RQ",
        "url": "https://www.circlehealthgroup.co.uk/hospitals/the-runnymede-hospital/treatments-prices",
        "pricing_url": "https://www.circlehealthgroup.co.uk/hospitals/the-runnymede-hospital/treatments-prices",
        "pricing_url_source": "manual",
        "scraping_override": null,
        "last_scraped": null,
        "last_scrape_status": "not-attempted"
      },
      {
        "name": "The Saxon Clinic",
        "type": "Clinic",
        "town_city": "Milton Keynes",
        "county": "Buckinghamshire",
        "region": "South East",
        "full_address": "Saxon Street, Eaglestone, Milton Keynes, Buckinghamshire, MK6 5LR",
        "url": "https://www.circlehealthgroup.co.uk/hospitals/the-saxon-clinic/treatments-prices",
        "pricing_url": "https://www.circlehealthgroup.co.uk/hospitals/the-saxon-clinic/treatments-prices",
        "pricing_url_source": "manual",
        "scraping_override": null,
        "last_scraped": null,
        "last_scrape_status": "not-attempted"
      },
      {
        "name": "The Shelburne Hospital",
        "type": "Hospital",
        "town_city": "High Wycombe",
        "county": "Buckinghamshire",
        "region": "South East",
        "full_address": "Queen Alexandra Road, High Wycombe, Buckinghamshire, HP11 2TR",
        "url": "https://www.circlehealthgroup.co.uk/hospitals/the-shelburne-hospital/treatments-prices",
        "pricing_url": "https://www.circlehealthgroup.co.uk/hospitals/the-shelburne-hospital/treatments-prices",
        "pricing_url_source": "manual",
        "scraping_override": null,
        "last_scraped": null,
        "last_scrape_status": "not-attempted"
      },
      {
        "name": "The Sloane Hospital",
        "type": "Hospital",
        "town_city": "Beckenham",
        "county": "Kent",
        "region": "South East",
        "full_address": "125 Albemarle Road, Beckenham, Kent, BR3 5HS",
        "url": "https://www.circlehealthgroup.co.uk/hospitals/the-sloane-hospital/treatments-prices",
        "pricing_url": "https://www.circlehealthgroup.co.uk/hospitals/the-sloane-hospital/treatments-prices",
        "pricing_url_source": "manual",
        "scraping_override": null,
        "last_scraped": null,
        "last_scrape_status": "not-attempted"
      },
      {
        "name": "Southend Private Hospital",
        "type": "Hospital",
        "town_city": "Westcliff-on-Sea",
        "county": "Essex",
        "region": "East of England",
        "full_address": "15-17 Fairfax Drive, Westcliff-on-Sea, Essex, SS0 9AG",
        "url": "https://www.circlehealthgroup.co.uk/hospitals/southend-private-hospital/treatments-prices",
        "pricing_url": "https://www.circlehealthgroup.co.uk/hospitals/southend-private-hospital/treatments-prices",
        "pricing_url_source": "manual",
        "scraping_override": null,
        "last_scraped": null,
        "last_scrape_status": "not-attempted"
      },
      {
        "name": "St Edmunds Hospital",
        "type": "Hospital",
        "town_city": "Bury St Edmunds",
        "county": "Suffolk",
        "region": "East of England",
        "full_address": "St Mary's Square, Bury St Edmunds, Suffolk, IP33 2AA",
        "url": "https://www.circlehealthgroup.co.uk/hospitals/st-edmunds-hospital/treatments-prices",
        "pricing_url": "https://www.circlehealthgroup.co.uk/hospitals/st-edmunds-hospital/treatments-prices",
        "pricing_url_source": "manual",
        "scraping_override": null,
        "last_scraped": null,
        "last_scrape_status": "not-attempted"
      },
      {
        "name": "Syon Clinic",
        "type": "Clinic",
        "town_city": "Brentford",
        "county": "Greater London",
        "region": "London",
        "full_address": "941 Great West Road, Brentford, Greater London, TW8 9DU",
        "url": "https://www.circlehealthgroup.co.uk/hospitals/syon-clinic/treatments-prices",
        "pricing_url": "https://www.circlehealthgroup.co.uk/hospitals/syon-clinic/treatments-prices",
        "pricing_url_source": "manual",
        "scraping_override": null,
        "last_scraped": null,
        "last_scrape_status": "not-attempted"
      },
      {
        "name": "Thornbury Hospital",
        "type": "Hospital",
        "town_city": "Sheffield",
        "county": "South Yorkshire",
        "region": "Yorkshire and the Humber",
        "full_address": "312 Fulwood Road, Sheffield, South Yorkshire, S10 3BR",
        "url": "https://www.circlehealthgroup.co.uk/hospitals/thornbury-hospital/treatments-prices",
        "pricing_url": "https://www.circlehealthgroup.co.uk/hospitals/thornbury-hospital/treatments-prices",
        "pricing_url_source": "manual",
        "scraping_override": null,
        "last_scraped": null,
        "last_scrape_status": "not-attempted"
      },
      {
        "name": "Three Shires Hospital",
        "type": "Hospital",
        "town_city": "Northampton",
        "county": "Northamptonshire",
        "region": "East Midlands",
        "full_address": "The Avenue, Cliftonville, Northampton, Northamptonshire, NN1 5DR",
        "url": "https://www.circlehealthgroup.co.uk/hospitals/three-shires-hospital/treatments-prices",
        "pricing_url": "https://www.circlehealthgroup.co.uk/hospitals/three-shires-hospital/treatments-prices",
        "pricing_url_source": "manual",
        "scraping_override": null,
        "last_scraped": null,
        "last_scrape_status": "not-attempted"
      },
      {
        "name": "The Winterbourne Hospital",
        "type": "Hospital",
        "town_city": "Dorchester",
        "county": "Dorset",
        "region": "South West",
        "full_address": "Herringston Road, Dorchester, Dorset, DT1 2DR",
        "url": "https://www.circlehealthgroup.co.uk/hospitals/the-winterbourne-hospital/treatments-prices",
        "pricing_url": "https://www.circlehealthgroup.co.uk/hospitals/the-winterbourne-hospital/treatments-prices",
        "pricing_url_source": "manual",
        "scraping_override": null,
        "last_scraped": null,
        "last_scrape_status": "not-attempted"
      },
      {
        "name": "Woodlands Hospital",
        "type": "Hospital",
        "town_city": "Kettering",
        "county": "Northamptonshire",
        "region": "East Midlands",
        "full_address": "Rothwell Road, Kettering, Northamptonshire, NN16 8XF",
        "url": "https://www.circlehealthgroup.co.uk/hospitals/woodlands-hospital/treatments-prices",
        "pricing_url": "https://www.circlehealthgroup.co.uk/hospitals/woodlands-hospital/treatments-prices",
        "pricing_url_source": "manual",
        "scraping_override": null,
        "last_scraped": null,
        "last_scrape_status": "not-attempted"
      }
    ],
    "scraping_method": "manual",
    "bot_protection": "cloudflare",
    "last_tested": "2025-11-01",
    "last_scraped": null,
    "success_rate": null,
    "notes": "Blocked by Cloudflare Bot Manager. Requires Apify or manual extraction."
  },
  "spire_healthcare": {
    "provider": "Spire Healthcare",
    "website": "https://www.spirehealthcare.com",
    "total_hospitals": 37,
    "total_clinics": 0,
    "total_locations": 37,
    "locations": [
      {
        "name": "Spire Cambridge Lea Hospital",
        "type": "Hospital",
        "town_city": "Cambridge",
        "county": "Cambridgeshire",
        "region": "East of England",
        "full_address": "30 New Road, Impington, Cambridge, Cambridgeshire, CB24 9EL",
        "url": "https://www.spirehealthcare.com/spire-cambridge-lea-hospital/treatments/prices/",
        "pricing_url": "https://www.spirehealthcare.com/spire-cambridge-lea-hospital/treatments/prices/",
        "pricing_url_source": "manual",
        "scraping_override": null,
        "last_scraped": null,
        "last_scrape_status": "not-attempted"
      },
      {
        "name": "Spire Hartswood Hospital",
        "type": "Hospital",
        "town_city": "Brentwood",
        "county": "Essex",
        "region": "East of England",
        "full_address": "Eagle Way, Brentwood, Essex, CM13 3LE",
        "url": "https://www.spirehealthcare.com/spire-hartswood-hospital/treatments/prices/",
        "pricing_url": "https://www.spirehealthcare.com/spire-hartswood-hospital/treatments/prices/",
        "pricing_url_source": "manual",
        "scraping_override": null,
        "last_scraped": null,
        "last_scrape_status": "not-attempted"
      },
      {
        "name": "Spire Norwich Hospital",
        "type": "Hospital",
        "town_city": "Norwich",
        "county": "Norfolk",
        "region": "East of England",
        "full_address": "Old Watton Road, Colney, Norwich, Norfolk, NR4 7TD",
        "url": "https://www.spirehealthcare.com/spire-norwich-hospital/treatments/prices/",
        "pricing_url": "https://www.spirehealthcare.com/spire-norwich-hospital/treatments/prices/",
        "pricing_url_source": "manual",
        "scraping_override": null,
        "last_scraped": null,
        "last_scrape_status": "not-attempted"
      },
      {
        "name": "Spire Wellesley Hospital",
        "type": "Hospital",
        "town_city": "Southend-on-Sea",
        "county": "Essex",
        "region": "East of England",
        "full_address": "Eastern Avenue, Southend-on-Sea, Essex, SS2 4XH",
        "url": "https://www.spirehealthcare.com/spire-wellesley-hospital/treatments/prices/",
        "pricing_url": "https://www.spirehealthcare.com/spire-wellesley-hospital/treatments/prices/",
        "pricing_url_source": "manual",
        "scraping_override": null,
        "last_scraped": null,
        "last_scrape_status": "not-attempted"
      },
      {
        "name": "Spire London East Hospital",
        "type": "Hospital",
        "town_city": "Redbridge",
        "county": "Greater London",
        "region": "London",
        "full_address": "Roding Lane South, Redbridge, London, IG4 5PZ",
        "url": "https://www.spirehealthcare.com/spire-london-east-hospital/treatments/prices/",
        "pricing_url": "https://www.spirehealthcare.com/spire-london-east-hospital/treatments/prices/",
        "pricing_url_source": "manual",
        "scraping_override": null,
        "last_scraped": null,
        "last_scrape_status": "not-attempted"
      },
      {
        "name": "Spire St Anthony's Hospital",
        "type": "Hospital",
        "town_city": "Sutton",
        "county": "Greater London",
        "region": "London",
        "full_address": "801 London Road, Sutton, London, SM3 9DW",
        "url": "https://www.spirehealthcare.com/spire-st-anthonys-hospital/treatments/prices/",
        "pricing_url": "https://www.spirehealthcare.com/spire-st-anthonys-hospital/treatments/prices/",
        "pricing_url_source": "manual",
        "scraping_override": null,
        "last_scraped": null,
        "last_scrape_status": "not-attempted"
      },
      {
        "name": "Spire Leicester Hospital",
        "type": "Hospital",
        "town_city": "Leicester",
        "county": "Leicestershire",
        "region": "East Midlands",
        "full_address": "133 New Walk, Leicester, Leicestershire, LE1 7JL",
        "url": "https://www.spirehealthcare.com/spire-leicester-hospital/treatments/prices/",
        "pricing_url": "https://www.spirehealthcare.com/spire-leicester-hospital/treatments/prices/",
        "pricing_url_source": "manual",
        "scraping_override": null,
        "last_scraped": null,
        "last_scrape_status": "not-attempted"
      },
      {
        "name": "Spire Nottingham Hospital",
        "type": "Hospital",
        "town_city": "Nottingham",
        "county": "Nottinghamshire",
        "region": "East Midlands",
        "full_address": "Lings Lane, Nottingham, Nottinghamshire, NG3 7UN",
        "url": "https://www.spirehealthcare.com/spire-nottingham-hospital/treatments/prices/",
        "pricing_url": "https://www.spirehealthcare.com/spire-nottingham-hospital/treatments/prices/",
        "pricing_url_source": "manual",
        "scraping_override": null,
        "last_scraped": null,
        "last_scrape_status": "not-attempted"
      },
      {
        "name": "Spire Little Aston Hospital",
        "type": "Hospital",
        "town_city": "Birmingham",
        "county": "West Midlands",
        "region": "West Midlands",
        "full_address": "2 Grange Road, Little Aston, Sutton Coldfield, West Midlands, B74 3UP",
        "url": "https://www.spirehealthcare.com/spire-little-aston-hospital/treatments/prices/",
        "pricing_url": "https://www.spirehealthcare.com/spire-little-aston-hospital/treatments/prices/",
        "pricing_url_source": "manual",
        "scraping_override": null,
        "last_scraped": null,
        "last_scrape_status": "not-attempted"
      },
      {
        "name": "Spire Parkway Hospital",
        "type": "Hospital",
        "town_city": "Solihull",
        "county": "West Midlands",
        "region": "West Midlands",
        "full_address": "2040 Lode Lane, Solihull, West Midlands, B91 2JL",
        "url": "https://www.spirehealthcare.com/spire-parkway-hospital/treatments/prices/",
        "pricing_url": "https://www.spirehealthcare.com/spire-parkway-hospital/treatments/prices/",
        "pricing_url_source": "manual",
        "scraping_override": null,
        "last_scraped": null,
        "last_scrape_status": "not-attempted"
      },
      {
        "name": "Spire South Bank Hospital",
        "type": "Hospital",
        "town_city": "Worcester",
        "county": "Worcestershire",
        "region": "West Midlands",
        "full_address": "South Bank, Worcester, Worcestershire, WR1 3JT",
        "url": "https://www.spirehealthcare.com/spire-south-bank-hospital/treatments/prices/",
        "pricing_url": "https://www.spirehealthcare.com/spire-south-bank-hospital/treatments/prices/",
        "pricing_url_source": "manual",
        "scraping_override": null,
        "last_scraped": null,
        "last_scrape_status": "not-attempted"
      },
      {
        "name": "Spire Claremont Hospital",
        "type": "Hospital",
        "town_city": "Sheffield",
        "county": "South Yorkshire",
        "region": "Yorkshire and the Humber",
        "full_address": "Claremont Road, Sheffield, South Yorkshire, S10 2TA",
        "url": "https://www.spirehealthcare.com/spire-claremont-hospital/treatments-and-services/prices/",
        "pricing_url": "https://www.spirehealthcare.com/spire-claremont-hospital/treatments-and-services/prices/",
        "pricing_url_source": "manual",
        "scraping_override": null,
        "last_scraped": null,
        "last_scrape_status": "not-attempted"
      },
      {
        "name": "Spire Elland Hospital",
        "type": "Hospital",
        "town_city": "Elland",
        "county": "West Yorkshire",
        "region": "Yorkshire and the Humber",
        "full_address": "Salterhebble, Elland, West Yorkshire, HX5 9HQ",
        "url": "https://www.spirehealthcare.com/spire-elland-hospital/treatments/prices/",
        "pricing_url": "https://www.spirehealthcare.com/spire-elland-hospital/treatments/prices/",
        "pricing_url_source": "manual",
        "scraping_override": null,
        "last_scraped": null,
        "last_scrape_status": "not-attempted"
      },
      {
        "name": "Spire Hull and East Riding Hospital",
        "type": "Hospital",
        "town_city": "Anlaby",
        "county": "East Riding of Yorkshire",
        "region": "Yorkshire and the Humber",
        "full_address": "Saltshouse Road, Anlaby, Hull, East Riding of Yorkshire, HU10 7AZ",
        "url": "https://www.spirehealthcare.com/spire-hull-and-east-riding-hospital/treatments/prices/",
        "pricing_url": "https://www.spirehealthcare.com/spire-hull-and-east-riding-hospital/treatments/prices/",
        "pricing_url_source": "manual",
        "scraping_override": null,
        "last_scraped": null,
        "last_scrape_status": "not-attempted"
      },
      {
        "name": "Spire Leeds Hospital",
        "type": "Hospital",
        "town_city": "Leeds",
        "county": "West Yorkshire",
        "region": "Yorkshire and the Humber",
        "full_address": "Algernon Road, Leeds, West Yorkshire, LS17 8SA",
        "url": "https://www.spirehealthcare.com/spire-leeds-hospital/treatments/prices/",
        "pricing_url": "https://www.spirehealthcare.com/spire-leeds-hospital/treatments/prices/",
        "pricing_url_source": "manual",
        "scraping_override": null,
        "last_scraped": null,
        "last_scrape_status": "not-attempted"
      },
      {
        "name": "Spire Methley Park Hospital",
        "type": "Hospital",
        "town_city": "Leeds",
        "county": "West Yorkshire",
        "region": "Yorkshire and the Humber",
        "full_address": "Methley Lane, Leeds, West Yorkshire, LS26 9SA",
        "url": "https://www.spirehealthcare.com/spire-methley-park-hospital/treatments/prices/",
        "pricing_url": "https://www.spirehealthcare.com/spire-methley-park-hospital/treatments/prices/",
        "pricing_url_source": "manual",
        "scraping_override": null,
        "last_scraped": null,
        "last_scrape_status": "not-attempted"
      },
      {
        "name": "Spire Washington Hospital",
        "type": "Hospital",
        "town_city": "Washington",
        "county": "Tyne and Wear",
        "region": "North East England",
        "full_address": "Mainsforth Terrace, Washington, Tyne and Wear, NE38 7EB",
        "url": "https://www.spirehealthcare.com/spire-washington-hospital/treatments/prices/",
        "pricing_url": "https://www.spirehealthcare.com/spire-washington-hospital/treatments/prices/",
        "pricing_url_source": "manual",
        "scraping_override": null,
        "last_scraped": null,
        "last_scrape_status": "not-attempted"
      },
      {
        "name": "Spire Cheshire Hospital",
        "type": "Hospital",
        "town_city": "Warrington",
        "county": "Cheshire",
        "region": "North West England",
        "full_address": "Fir Tree Close, Stretton, Warrington, Cheshire, WA4 4LU",
        "url": "https://www.spirehealthcare.com/spire-cheshire-hospital/treatments/prices/",
        "pricing_url": "https://www.spirehealthcare.com/spire-cheshire-hospital/treatments/prices/",
        "pricing_url_source": "manual",
        "scraping_override": null,
        "last_scraped": null,
        "last_scrape_status": "not-attempted"
      },
      {
        "name": "Spire Fylde Coast Hospital",
        "type": "Hospital",
        "town_city": "Blackpool",
        "county": "Lancashire",
        "region": "North West England",
        "full_address": "St Walburgas Road, Blackpool, Lancashire, FY3 8BP",
        "url": "https://www.spirehealthcare.com/spire-fylde-coast-hospital/treatments/prices/",
        "pricing_url": "https://www.spirehealthcare.com/spire-fylde-coast-hospital/treatments/prices/",
        "pricing_url_source": "manual",
        "scraping_override": null,
        "last_scraped": null,
        "last_scrape_status": "not-attempted"
      },
      {
        "name": "Spire Liverpool Hospital",
        "type": "Hospital",
        "town_city": "Liverpool",
        "county": "Merseyside",
        "region": "North West England",
        "full_address": "57 Greenbank Road, Liverpool, Merseyside, L18 1HQ",
        "url": "https://www.spirehealthcare.com/spire-liverpool-hospital/treatments/prices/",
        "pricing_url": "https://www.spirehealthcare.com/spire-liverpool-hospital/treatments/prices/",
        "pricing_url_source": "manual",
        "scraping_override": null,
        "last_scraped": null,
        "last_scrape_status": "not-attempted"
      },
      {
        "name": "Spire Manchester Hospital",
        "type": "Hospital",
        "town_city": "Manchester",
        "county": "Greater Manchester",
        "region": "North West England",
        "full_address": "170 Barlow Moor Road, Didsbury, Manchester, Greater Manchester, M20 2AF",
        "url": "https://www.spirehealthcare.com/spire-manchester-hospital/treatments/prices/",
        "pricing_url": "https://www.spirehealthcare.com/spire-manchester-hospital/treatments/prices/",
        "pricing_url_source": "manual",
        "scraping_override": null,
        "last_scraped": null,
        "last_scrape_status": "not-attempted"
      },
      {
        "name": "Spire Murrayfield Hospital Wirral",
        "type": "Hospital",
        "town_city": "Wirral",
        "county": "Merseyside",
        "region": "North West England",
        "full_address": "Holmwood Drive, Thingwall, Wirral, Merseyside, CH61 1AU",
        "url": "https://www.spirehealthcare.com/spire-murrayfield-hospital-wirral/treatments/prices/",
        "pricing_url": "https://www.spirehealthcare.com/spire-murrayfield-hospital-wirral/treatments/prices/",
        "pricing_url_source": "manual",
        "scraping_override": null,
        "last_scraped": null,
        "last_scrape_status": "not-attempted"
      },
      {
        "name": "Spire Regency Hospital Macclesfield",
        "type": "Hospital",
        "town_city": "Macclesfield",
        "county": "Cheshire",
        "region": "North West England",
        "full_address": "West Street, Macclesfield, Cheshire, SK11 8DW",
        "url": "https://www.spirehealthcare.com/spire-regency-hospital-macclesfield/treatments/prices/",
        "pricing_url": "https://www.spirehealthcare.com/spire-regency-hospital-macclesfield/treatments/prices/",
        "pricing_url_source": "manual",
        "scraping_override": null,
        "last_scraped": null,
        "last_scrape_status": "not-attempted"
      },
      {
        "name": "Spire Edinburgh Hospitals",
        "type": "Hospital",
        "town_city": "Edinburgh",
        "county": "City of Edinburgh",
        "region": "Scotland",
        "full_address": "Multiple locations: Murrayfield Hospital (122 Corstorphine Road, Edinburgh EH12 6UD) and Shawfair Park Hospital (10 Shawfair Road, Edinburgh EH22 3UG)",
        "url": "https://www.spirehealthcare.com/spire-edinburgh-hospitals-murrayfield-and-shawfair-park/treatments/prices/",
        "pricing_url": "https://www.spirehealthcare.com/spire-edinburgh-hospitals-murrayfield-and-shawfair-park/treatments/prices/",
        "pricing_url_source": "manual",
        "scraping_override": null,
        "last_scraped": null,
        "last_scrape_status": "not-attempted"
      },
      {
        "name": "Spire Bushey Hospital",
        "type": "Hospital",
        "town_city": "Bushey",
        "county": "Hertfordshire",
        "region": "South East England",
        "full_address": "Heathbourne Road, Bushey, Hertfordshire, WD23 1RD",
        "url": "https://www.spirehealthcare.com/spire-bushey-hospital/treatments/prices/",
        "pricing_url": "https://www.spirehealthcare.com/spire-bushey-hospital/treatments/prices/",
        "pricing_url_source": "manual",
        "scraping_override": null,
        "last_scraped": null,
        "last_scrape_status": "not-attempted"
      },
      {
        "name": "Spire Harpenden Hospital",
        "type": "Hospital",
        "town_city": "Harpenden",
        "county": "Hertfordshire",
        "region": "South East England",
        "full_address": "Ambrose Lane, Harpenden, Hertfordshire, AL5 4BP",
        "url": "https://www.spirehealthcare.com/spire-harpenden-hospital/treatments/prices/",
        "pricing_url": "https://www.spirehealthcare.com/spire-harpenden-hospital/treatments/prices/",
        "pricing_url_source": "manual",
        "scraping_override": null,
        "last_scraped": null,
        "last_scrape_status": "not-attempted"
      },
      {
        "name": "Spire Thames Valley Hospital",
        "type": "Hospital",
        "town_city": "Wexham",
        "county": "Buckinghamshire",
        "region": "South East England",
        "full_address": "Wexham Street, Wexham, Buckinghamshire, SL3 6NH",
        "url": "https://www.spirehealthcare.com/spire-thames-valley-hospital/treatments/prices/",
        "pricing_url": "https://www.spirehealthcare.com/spire-thames-valley-hospital/treatments/prices/",
        "pricing_url_source": "manual",
        "scraping_override": null,
        "last_scraped": null,
        "last_scrape_status": "not-attempted"
      },
      {
        "name": "Spire Alexandra Hospital",
        "type": "Hospital",
        "town_city": "Chatham",
        "county": "Kent",
        "region": "South East England",
        "full_address": "Hastings Road, Chatham, Kent, ME4 5LT",
        "url": "https://www.spirehealthcare.com/spire-alexandra-hospital/treatments/prices/",
        "pricing_url": "https://www.spirehealthcare.com/spire-alexandra-hospital/treatments/prices/",
        "pricing_url_source": "manual",
        "scraping_override": null,
        "last_scraped": null,
        "last_scrape_status": "not-attempted"
      },
      {
        "name": "Spire Clare Park Hospital",
        "type": "Hospital",
        "town_city": "Crondall",
        "county": "Hampshire",
        "region": "South East England",
        "full_address": "Crondall Lane, Crondall, Basingstoke, Hampshire, RG29 6BB",
        "url": "https://www.spirehealthcare.com/spire-clare-park-hospital/treatments/prices/",
        "pricing_url": "https://www.spirehealthcare.com/spire-clare-park-hospital/treatments/prices/",
        "pricing_url_source": "manual",
        "scraping_override": null,
        "last_scraped": null,
        "last_scrape_status": "not-attempted"
      },
      {
        "name": "Spire Dunedin Hospital",
        "type": "Hospital",
        "town_city": "Reading",
        "county": "Berkshire",
        "region": "South East England",
        "full_address": "Dunedin Road, Reading, Berkshire, RG2 0TH",
        "url": "https://www.spirehealthcare.com/spire-dunedin-hospital/treatments/prices/",
        "pricing_url": "https://www.spirehealthcare.com/spire-dunedin-hospital/treatments/prices/",
        "pricing_url_source": "manual",
        "scraping_override": null,
        "last_scraped": null,
        "last_scrape_status": "not-attempted"
      },
      {
        "name": "Spire Gatwick Park Hospital",
        "type": "Hospital",
        "town_city": "Horley",
        "county": "Surrey",
        "region": "South East England",
        "full_address": "Gatwick Road, Horley, Surrey, RH6 9GA",
        "url": "https://www.spirehealthcare.com/spire-gatwick-park-hospital/treatments/prices/",
        "pricing_url": "https://www.spirehealthcare.com/spire-gatwick-park-hospital/treatments/prices/",
        "pricing_url_source": "manual",
        "scraping_override": null,
        "last_scraped": null,
        "last_scrape_status": "not-attempted"
      },
      {
        "name": "Spire Portsmouth Hospital",
        "type": "Hospital",
        "town_city": "Portsmouth",
        "county": "Hampshire",
        "region": "South East England",
        "full_address": "Crescent Road, Portsmouth, Hampshire, PO1 4FF",
        "url": "https://www.spirehealthcare.com/spire-portsmouth-hospital/treatments/prices/",
        "pricing_url": "https://www.spirehealthcare.com/spire-portsmouth-hospital/treatments/prices/",
        "pricing_url_source": "manual",
        "scraping_override": null,
        "last_scraped": null,
        "last_scrape_status": "not-attempted"
      },
      {
        "name": "Spire Southampton Hospital",
        "type": "Hospital",
        "town_city": "Southampton",
        "county": "Hampshire",
        "region": "South East England",
        "full_address": "Chalybeate Road, Southampton, Hampshire, SO16 6UY",
        "url": "https://www.spirehealthcare.com/spire-southampton-hospital/treatments/prices/",
        "pricing_url": "https://www.spirehealthcare.com/spire-southampton-hospital/treatments/prices/",
        "pricing_url_source": "manual",
        "scraping_override": null,
        "last_scraped": null,
        "last_scrape_status": "not-attempted"
      },
      {
        "name": "The Montefiore Hospital",
        "type": "Hospital",
        "town_city": "Brighton",
        "county": "East Sussex",
        "region": "South East England",
        "full_address": "Montpelier Road, Brighton, East Sussex, BN1 3PL",
        "url": "https://www.spirehealthcare.com/the-montefiore-hospital/treatments/prices/",
        "pricing_url": "https://www.spirehealthcare.com/the-montefiore-hospital/treatments/prices/",
        "pricing_url_source": "manual",
        "scraping_override": null,
        "last_scraped": null,
        "last_scrape_status": "not-attempted"
      },
      {
        "name": "Spire Bristol Hospital",
        "type": "Hospital",
        "town_city": "Bristol",
        "county": "Bristol",
        "region": "South West England",
        "full_address": "Clevedon Road, Clevedon, Bristol, BS21 6TN",
        "url": "https://www.spirehealthcare.com/spire-bristol-hospital/treatments/prices/",
        "pricing_url": "https://www.spirehealthcare.com/spire-bristol-hospital/treatments/prices/",
        "pricing_url_source": "manual",
        "scraping_override": null,
        "last_scraped": null,
        "last_scrape_status": "not-attempted"
      },
      {
        "name": "Spire Cardiff Hospital",
        "type": "Hospital",
        "town_city": "Cardiff",
        "county": "Cardiff",
        "region": "Wales",
        "full_address": "Heol Awst, Llanederyn, Cardiff, CF23 9AS",
        "url": "https://www.spirehealthcare.com/spire-cardiff-hospital/treatments/prices/",
        "pricing_url": "https://www.spirehealthcare.com/spire-cardiff-hospital/treatments/prices/",
        "pricing_url_source": "manual",
        "scraping_override": null,
        "last_scraped": null,
        "last_scrape_status": "not-attempted"
      },
      {
        "name": "Spire Yale Hospital",
        "type": "Hospital",
        "town_city": "Wrexham",
        "county": "Wrexham",
        "region": "Wales",
        "full_address": "Heol Garw, Wrexham, LL13 7SY",
        "url": "https://www.spirehealthcare.com/spire-yale-hospital/treatments/prices/",
        "pricing_url": "https://www.spirehealthcare.com/spire-yale-hospital/treatments/prices/",
        "pricing_url_source": "manual",
        "scraping_override": null,
        "last_scraped": null,
        "last_scrape_status": "not-attempted"
      }
    ],
    "scraping_method": "unknown",
    "bot_protection": "unknown",
    "last_tested": null,
    "last_scraped": null,
    "success_rate": null,
    "notes": "Not yet tested. Needs method detection."
  }
}