CQC Location ID,CQC Provider ID,Hospital Name,Provider Name,Address Line 1,Address Line 2,Town/City,County,Postal Code,Region,Local Authority,Constituency,Latitude,Longitude,Phone,Website,Number of Beds,Has Beds,Registration Date,Rating,Rating Date,Service Types,Specialisms,Companies House Number,Last Updated
1-114202293,1-101728704,The London Welbeck Hospital,Welbeck Healthcare Limited,27 Welbeck Street,,London,,W1G 8EN,London,Westminster,Cities of London and Westminster,51.5182388,-0.1494374,02072242242,www.londonwelbeckhospital.co.uk,21,Yes,2011-01-27,Not rated,,Hospital,Services for everyone,03310139,2025-11-01T23:11:13.174Z
1-114202635,1-101729255,King Edward VII's Hospital,King Edward VII's Hospital Sister Agnes,5-10 Beaumont Street,,London,,W1G 6AA,London,Westminster,Cities of London and Westminster,51.5207794,-0.1503002,02074674563,www.kingedwardvii.co.uk,65,Yes,2011-01-12,Not rated,,Hospital,Caring for adults over 65 yrs; Caring for adults under 65 yrs,,2025-11-01T23:11:13.400Z
1-114617347,1-101728696,The London Clinic,Trustees of The London Clinic Limited,20 Devonshire Place,,London,,W1G 6BW,London,Westminster,Cities of London and Westminster,51.5230236,-0.1500506,02079354444,www.thelondonclinic.co.uk,0,No,2011-01-25,Good,2021-12-20,Hospital,Caring for adults over 65 yrs; Caring for adults under 65 yrs,00307579,2025-11-01T23:11:15.255Z
1-115480780,1-101728712,Hospital of St John & St Elizabeth,The Hospital Of St John And St Elizabeth,60 Grove End Road,St John's Wood,London,,NW8 9NH,London,Westminster,Cities of London and Westminster,51.533473,-0.175461,02078064000,www.hje.org.uk,110,Yes,2011-01-11,Good,2024-03-28,Hospital,Caring for adults over 65 yrs; Caring for adults under 65 yrs; Caring for children; Dementia; Eating disorders; Physical disabilities; Sensory impairment,02808390,2025-11-01T23:11:17.294Z
1-11984358600,1-102643516,Nuffield Health at St Bartholomew's Hospital,Nuffield Health,38 Giltspur Street,,London,,EC1A 7BS,London,City of London,Cities of London and Westminster,51.5176882,-0.1009896,,www.nuffieldhealth.com/hospitals/st-bartholomews,0,No,2022-04-20,Not rated,,Hospital,Caring for adults over 65 yrs; Caring for adults under 65 yrs; Physical disabilities; Sensory impairment,00576970,2025-11-01T23:11:26.051Z
1-126955711,1-101728688,HCA Healthcare UK The Wellington Hospital,HCA International Limited,Wellington Place,St John's Wood,London,,NW8 9LE,London,Westminster,Cities of London and Westminster,51.5315514,-0.1714471,02074835148,www.thewellingtonhospital.com,266,Yes,2010-11-12,Good,2023-06-16,Hospital,Caring for adults over 65 yrs; Caring for adults under 65 yrs; Caring for children; Physical disabilities,03020522,2025-11-01T23:11:34.110Z
1-126955732,1-101728688,HCA Healthcare UK The Princess Grace Hospital,HCA International Limited,42-52 Nottingham Place,,London,,W1U 5NY,London,Westminster,Cities of London and Westminster,51.5223688,-0.1529041,02074861234,www.theprincessgracehospital.com,120,Yes,2010-11-12,Good,2021-08-23,Hospital,Caring for adults over 65 yrs; Caring for adults under 65 yrs; Caring for children,03020522,2025-11-01T23:11:34.212Z
1-126955771,1-101728688,HCA Healthcare UK The Harley Street Clinic,HCA International Limited,35 Weymouth Street,,London,,W1G 8BJ,London,Westminster,Cities of London and Westminster,51.520357,-0.148195,02079357700,www.theharleystreetclinic.com,121,Yes,2010-11-12,Outstanding,2023-04-20,Hospital,Caring for adults over 65 yrs; Caring for adults under 65 yrs; Caring for children,03020522,2025-11-01T23:11:34.332Z
1-126955884,1-101728688,HCA Healthcare UK The Lister Hospital,HCA International Limited,Chelsea Bridge Road,,London,,SW1W 8RH,London,Westminster,Cities of London and Westminster,51.48652,-0.1504776,02077307733,www.thelisterhospital.com,76,Yes,2010-11-12,Outstanding,2024-03-13,Hospital,Caring for adults over 65 yrs; Caring for adults under 65 yrs; Caring for children; Services for everyone,03020522,2025-11-01T23:11:35.079Z
1-126955902,1-101728688,HCA Healthcare UK London Bridge Hospital,HCA International Limited,27 Tooley Street,,London,,SE1 2PR,London,Southwark,Bermondsey and Old Southwark,51.506327,-0.085893,02074073100,www.londonbridgehospital.com,103,Yes,2010-11-12,Outstanding,2023-09-25,Hospital,Caring for adults over 65 yrs; Caring for adults under 65 yrs,03020522,2025-11-01T23:11:35.198Z
1-126955917,1-101728688,HCA Healthcare UK The Portland Hospital,HCA International Limited,"205-209, 214 and 234 Great Portland Street",,London,,W1W 5AH,London,Westminster,Cities of London and Westminster,51.5231854,-0.14435,02075804400,www.theportlandhospital.com,110,Yes,2010-11-12,Good,2022-05-26,Hospital,Caring for adults over 65 yrs; Caring for adults under 65 yrs; Caring for children; Physical disabilities; Sensory impairment,03020522,2025-11-01T23:11:35.584Z
1-12816317745,1-11062265905,Cleveland Clinic London Hospital,Cleveland Clinic London Ltd,33 Grosvenor Place,,London,,SW1X 7HY,London,Westminster,Cities of London and Westminster,51.4992646,-0.1488954,02034237000,www.clevelandcliniclondon.uk,0,No,2022-03-24,Not rated,,Hospital; Doctors/Gps,Caring for adults over 65 yrs; Caring for adults under 65 yrs,09915684,2025-11-01T23:11:38.080Z
1-128758337,1-102643500,Bishops Wood Hospital,Circle Health Group Limited,Rickmansworth Road,Northwood,London,,HA6 2JW,London,Hillingdon,"Ruislip, Northwood and Pinner",51.6164548,-0.4465004,01923835814,www.circlehealthgroup.co.uk/hospitals/bishops-wood-hospital,42,Yes,2011-05-11,Good,2021-10-19,Hospital; Diagnosis/screening,Caring for adults over 65 yrs; Caring for adults under 65 yrs,02164270,2025-11-01T23:11:38.625Z
1-128758401,1-102643500,Chelsfield Park Hospital,Circle Health Group Limited,Buck Cross Road,Chelsfield,Orpington,Kent,BR6 7RG,London,Bromley,Orpington,51.3584863,0.1313912,01689877855,www.circlehealthgroup.co.uk/hospitals/chelsfield-park-hospital,50,Yes,2011-05-11,Good,2016-12-06,Hospital; Diagnosis/screening,Caring for adults over 65 yrs; Caring for adults under 65 yrs; Caring for children; Physical disabilities; Sensory impairment,02164270,2025-11-01T23:11:38.743Z
1-128758547,1-102643500,The Blackheath Hospital,Circle Health Group Limited,40-42 Lee Terrace,Blackheath,London,,SE3 9UD,London,Lewisham,Lewisham North,51.4634743,0.0062905,02083187722,www.circlehealthgroup.co.uk/hospitals/the-blackheath-hospital,0,No,2011-05-11,Good,2019-05-16,Hospital; Diagnosis/screening,Caring for adults over 65 yrs; Caring for adults under 65 yrs; Caring for children; Physical disabilities; Sensory impairment,02164270,2025-11-01T23:11:39.047Z
1-128758601,1-102643500,The Cavell Hospital,Circle Health Group Limited,Cavell Drive,"Uplands Park Road, Enfield",Enfield,Middlesex,EN2 7PR,London,Enfield,Enfield North,51.659225,-0.101361,02083623640,www.circlehealthgroup.co.uk/hospitals/the-cavell-hospital,45,Yes,2011-05-11,Good,2019-08-20,Hospital,Caring for adults over 65 yrs; Caring for adults under 65 yrs; Caring for children; Physical disabilities; Sensory impairment,02164270,2025-11-01T23:11:39.170Z
1-128758653,1-102643500,The Clementine Churchill Hospital,Circle Health Group Limited,Sudbury Hill,,Harrow,Middlesex,HA1 3RX,London,Harrow,Harrow West,51.5649659,-0.3326811,02088723872,www.circlehealthgroup.co.uk/hospitals/the-clementine-churchill-hospital,141,Yes,2011-05-11,Good,2019-12-24,Hospital; Diagnosis/screening,Caring for adults over 65 yrs; Caring for adults under 65 yrs; Caring for children; Dementia; Learning disabilities; Physical disabilities; Sensory impairment,02164270,2025-11-01T23:11:39.341Z
1-128766778,1-102643500,Hendon Hospital,Circle Health Group Limited,46-50 Sunny Gardens Road,Hendon,London,,NW4 1RP,London,Barnet,Hendon,51.593715,-0.224578,02084574500,www.circlehealthgroup.co.uk/hospitals/hendon-hospital,30,Yes,2011-05-11,Good,2017-01-10,Hospital; Diagnosis/screening,Caring for adults over 65 yrs; Caring for adults under 65 yrs; Physical disabilities,02164270,2025-11-01T23:11:39.667Z
1-128766906,1-102643500,The Kings Oak Hospital,Circle Health Group Limited,Chase Farm (North Side),Chase Farm (North Side) Enfield,London,,EN2 8SD,London,Enfield,Enfield North,51.6679017,-0.1055424,02083709500,www.circlehealthgroup.co.uk/hospitals/the-kings-oak-hospital,52,Yes,2011-05-11,Good,2022-08-05,Hospital,Caring for adults over 65 yrs; Caring for adults under 65 yrs; Caring for children; Physical disabilities; Sensory impairment,02164270,2025-11-01T23:11:39.861Z
1-128766965,1-102643500,The London Independent Hospital,Circle Health Group Limited,Pathology Department,"1 Beaumont Square, Stepney Green",London,,E1 4NL,London,Tower Hamlets,Bethnal Green and Stepney,51.5204037,-0.0467175,02077802500,www.circlehealthgroup.co.uk/hospitals/the-london-independent-hospital,80,Yes,2011-05-11,Good,2019-09-18,Hospital; Diagnosis/screening,Caring for adults over 65 yrs; Caring for adults under 65 yrs; Physical disabilities; Sensory impairment,02164270,2025-11-01T23:11:39.982Z
1-128767270,1-102643500,The Shirley Oaks Hospital,Circle Health Group Limited,Poppy Lane,Shirley Oaks Village,Croydon,Surrey,CR9 8AB,London,Croydon,Croydon East,51.3822986,-0.056326,02086555500,www.circlehealthgroup.co.uk/hospitals/shirley-oaks-hospital,50,Yes,2011-05-11,Good,2020-01-15,Hospital; Diagnosis/screening,Caring for adults over 65 yrs; Caring for adults under 65 yrs; Dementia; Learning disabilities; Physical disabilities; Sensory impairment,02164270,2025-11-01T23:11:40.188Z
1-128767290,1-102643500,The Sloane Hospital,Circle Health Group Limited,125 Albemarle Road,,Beckenham,Kent,BR3 5HS,London,Bromley,Beckenham and Penge,51.408332,-0.00436,02084664000,www.circlehealthgroup.co.uk/hospitals/the-sloane-hospital,32,Yes,2011-05-11,Good,2023-03-17,Hospital; Diagnosis/screening,Caring for adults over 65 yrs; Caring for adults under 65 yrs; Physical disabilities; Sensory impairment,02164270,2025-11-01T23:11:40.379Z
1-12924818809,1-102643516,Parkside Hospital,Nuffield Health,53 Parkside,,London,,SW19 5NX,London,Merton,Wimbledon,51.4357258,-0.2232272,02089718000,www.parkside-hospital.co.uk,0,No,2022-06-01,Good,2021-11-30,Hospital,Services for everyone,00576970,2025-11-01T23:11:42.549Z
1-12924818962,1-102643516,Highgate Hospital,Nuffield Health,17 View Road,,London,,N6 4DJ,London,Haringey,Hampstead and Highgate,51.5765664,-0.1569693,02084314182,www.highgatehospital.co.uk,0,No,2022-06-01,Good,2017-05-31,Hospital,Services for everyone,00576970,2025-11-01T23:11:42.838Z
1-129508000,1-116865945,Weymouth Hospital,The Weymouth Clinic Limited,42-46 Weymouth Street,,London,,W1G 6NP,London,Westminster,Cities of London and Westminster,51.5202186,-0.1506689,02079351200,www.bmihealthcare.co.uk/weymouth,10,Yes,2011-01-21,Not rated,,Hospital,Caring for adults over 65 yrs; Caring for adults under 65 yrs; Physical disabilities; Sensory impairment,06251383,2025-11-01T23:11:44.077Z
1-129798374,1-102643305,Spire London East Hospital,Spire Healthcare Limited,Roding Lane South,,Ilford,Essex,IG4 5PZ,London,Redbridge,Ilford North,51.587155,0.0430899,02085511100,www.spirehealthcare.com/roding,65,Yes,2010-11-03,Good,2020-02-11,Hospital,Caring for children; Services for everyone,01522532,2025-11-01T23:11:46.949Z
1-130440888,1-101728680,Cromwell Hospital,Medical Services International Limited,Cromwell Road,,London,,SW5 0TU,London,Kensington and Chelsea,Kensington and Bayswater,51.4951046,-0.191359,02074605500,www.cromwellhospital.com,143,Yes,2010-12-10,Good,2023-04-25,Hospital,Physical disabilities; Sensory impairment; Services for everyone,01416977,2025-11-01T23:11:50.340Z
1-13053163420,1-444129069,DaVita (UK) Ltd - HMP Thameside,DaVita (UK) Limited,Griffin Manor Way,,London,,SE28 0FJ,London,Greenwich,Erith and Thamesmead,51.4934468,0.0875287,02075813139,www.renalservices.com,0,No,2022-04-01,Not rated,,Hospital,Caring for adults over 65 yrs; Caring for adults under 65 yrs,05882395,2025-11-01T23:11:51.434Z
1-13740482832,1-101726553,The Fitzrovia Hospital,Queen Anne Street Medical Centre Limited,13-14,Fitzroy Square,London,,W1T 6AH,London,Camden,Holborn and St Pancras,51.5235641,-0.1404424,02070343301,www.fitzroviahospital.com,0,No,2022-08-22,Not rated,,Hospital,Caring for adults over 65 yrs; Caring for adults under 65 yrs,04997153,2025-11-01T23:11:58.896Z
1-1382018165,1-102643305,St Anthony's Hospital,Spire Healthcare Limited,London Road,,Sutton,Surrey,SM3 9DW,London,Sutton,Sutton and Cheam,51.3799203,-0.2207937,02083376691,www.spirehealthcare.com/spire-st-anthonys-hospital,0,No,2014-05-22,Good,2020-04-28,Hospital,Services for everyone,01522532,2025-11-01T23:12:00.951Z
1-17429112856,1-16471837171,The Private Clinic - Fitzroy Square,TPC Group Limited,Adam House,1 Fitzroy Square,London,,W1T 5HF,London,Camden,Holborn and St Pancras,51.5230827,-0.1390061,02039033021,www.theprivateclinic.co.uk,0,No,2023-12-11,Good,2019-07-04,Hospital,Caring for adults over 65 yrs; Caring for adults under 65 yrs,14493595,2025-11-01T23:12:25.807Z
1-207542102,1-101727726,DHI International UK Limited,DHI International UK Limited,43 New Cavendish Street,,London,,W1G 9TH,London,Westminster,Cities of London and Westminster,51.5191087,-0.1492868,02074869789,www.dhiglobal.com,0,No,2011-02-24,Good,2019-02-18,Hospital; Clinic,Caring for adults over 65 yrs; Caring for adults under 65 yrs,02739914,2025-11-01T23:12:54.936Z
1-21633613916,1-101726795,The New Victoria Hospital,Metabolic Services Limited,184 Coombe Lane West,,Kingston Upon Thames,Surrey,KT2 7EG,London,Kingston upon Thames,Richmond Park,51.415693,-0.2542662,02089499000,www.bupa.com,0,No,2025-08-08,Good,2016-12-15,Hospital,Services for everyone,01837551,2025-11-01T23:12:57.683Z
1-23637683651,1-20630439023,Chelsea Hospital Limited,Chelsea Hospital Limited,169 Fulham Road,,London,,SW3 6SP,London,Kensington and Chelsea,Chelsea and Fulham,51.4917234,-0.1714862,,www.memorialhouston.com,0,No,2025-06-27,Not rated,,Hospital,Caring for adults over 65 yrs; Caring for adults under 65 yrs; Physical disabilities,13959891,2025-11-01T23:13:15.680Z
1-358557034,1-116865921,Practice Plus Group Hospital - Ilford,Practice Plus Group Hospitals Limited,King George Hospital,Barley Lane,Ilford,Essex,IG3 8YY,London,Redbridge,Ilford South,51.5805458,0.1121259,,www.nelondontreatmentcentre.nhs.uk,0,No,2012-01-10,Good,2019-04-04,Hospital; Diagnosis/screening,Caring for adults over 65 yrs; Caring for adults under 65 yrs,03462881,2025-11-01T23:13:32.248Z
1-9127243322,1-101727229,Cora Health - West London Clinic,Cora Health Diagnostics Ltd,Unit 3,"Brentside Executive Centre, Great West Road",Brentford,,TW8 9DR,London,Hounslow,Brentford and Isleworth,51.4860068,-0.3159356,02030589099,www.globaldiagnostics.co.uk,0,No,2020-07-16,Good,2022-09-30,Hospital; Community services - Healthcare,Caring for adults over 65 yrs; Caring for adults under 65 yrs; Caring for children,04336164,2025-11-01T23:14:24.101Z
1-109183027,1-101728244,The Horder Centre,Horder Healthcare,St John's Road,,Crowborough,East Sussex,TN6 1XP,South East,East Sussex,Sussex Weald,51.0636729,0.1428121,01892665577,www.hordercentre.co.uk,59,Yes,2011-01-25,Outstanding,2017-05-16,Hospital,Caring for adults over 65 yrs; Caring for adults under 65 yrs; Caring for children; Physical disabilities; Sensory impairment,,2025-11-01T23:15:16.766Z
1-115574357,1-102643516,Nuffield Health Brighton Hospital,Nuffield Health,Warren Road,Woodingdean,Brighton,East Sussex,BN2 6DX,South East,Brighton and Hove,Brighton Kemptown and Peacehaven,50.834518,-0.081925,01273624488,www.nuffieldhealth.com/hospitals/brighton,56,Yes,2010-11-26,Good,2022-12-06,Hospital,Caring for adults over 65 yrs; Caring for adults under 65 yrs; Caring for children; Physical disabilities; Sensory impairment,00576970,2025-11-01T23:15:21.879Z
1-115574439,1-102643516,Nuffield Health Chichester Hospital,Nuffield Health,78 Broyle Road,,Chichester,West Sussex,PO19 6WB,South East,West Sussex,Chichester,50.847969,-0.7800084,01243530600,www.nuffieldhealth.com/hospitals/chichester,40,Yes,2010-11-26,Outstanding,2021-12-15,Hospital,Caring for adults over 65 yrs; Caring for adults under 65 yrs; Physical disabilities; Sensory impairment,00576970,2025-11-01T23:15:21.979Z
1-115574498,1-102643516,Nuffield Health Guildford Hospital,Nuffield Health,Stirling Road,,Guildford,Surrey,GU2 7RF,South East,Surrey,Guildford,51.2419008,-0.6110691,01483555800,www.nuffieldhealth.com/hospitals/guildford,54,Yes,2010-11-26,Good,2019-07-18,Hospital,Caring for adults over 65 yrs; Caring for adults under 65 yrs; Physical disabilities; Sensory impairment,00576970,2025-11-01T23:15:22.087Z
1-115574517,1-102643516,Nuffield Health Haywards Heath Hospital,Nuffield Health,5 Burrell Road,,Haywards Heath,West Sussex,RH16 1UD,South East,West Sussex,Mid Sussex,51.0083571,-0.1061885,01444456999,www.nuffieldhealth.com/hospitals/haywards-heath,42,Yes,2010-11-26,Good,2017-03-24,Hospital,Caring for adults over 65 yrs; Caring for adults under 65 yrs; Physical disabilities; Sensory impairment,00576970,2025-11-01T23:15:22.184Z
1-115574757,1-102643516,Nuffield Health The Manor Hospital Oxford,Nuffield Health,Beech Road,,Oxford,Oxfordshire,OX3 7RP,South East,Oxfordshire,Oxford East,51.7604489,-1.2155141,01865307777,www.nuffieldhealth.com/hospitals/oxford,60,Yes,2010-11-26,Good,2022-06-17,Hospital,Caring for adults over 65 yrs; Caring for adults under 65 yrs; Caring for children; Physical disabilities; Sensory impairment,00576970,2025-11-01T23:15:22.302Z
1-115574778,1-102643516,Nuffield Health Tunbridge Wells Hospital,Nuffield Health,Kingswood Road,,Tunbridge Wells,Kent,TN2 4UL,South East,Kent,Tunbridge Wells,51.1315172,0.2780657,01892531111,www.nuffieldhealth.com/hospitals/tunbridge-wells,40,Yes,2010-11-26,Good,2017-07-11,Hospital,Caring for adults over 65 yrs; Caring for adults under 65 yrs; Physical disabilities; Sensory impairment,00576970,2025-11-01T23:15:22.428Z
1-115574818,1-102643516,Nuffield Health Wessex Hospital,Nuffield Health,Winchester Road,Chandlers Ford,Eastleigh,Hampshire,SO53 2DW,South East,Hampshire,Eastleigh,50.9945,-1.362959,02380266377,www.nuffieldhealth.com/hospitals/wessex,55,Yes,2010-11-26,Good,2023-01-27,Hospital,Caring for adults over 65 yrs; Caring for adults under 65 yrs; Caring for children; Physical disabilities; Sensory impairment,00576970,2025-11-01T23:15:22.536Z
1-115574838,1-102643516,Nuffield Health Woking Hospital,Nuffield Health,Shores Road,,Woking,Surrey,GU21 4BY,South East,Surrey,Woking,51.332208,-0.56138,01483227800,www.nuffieldhealth.com/hospitals/woking,47,Yes,2010-11-26,Good,2017-08-04,Hospital; Doctors/Gps,Caring for adults over 65 yrs; Caring for adults under 65 yrs; Physical disabilities; Sensory impairment,00576970,2025-11-01T23:15:22.645Z
1-118024670,1-101635529,Benenden Hospital,The Benenden Hospital Trust,Goddard's Green Road,,Benenden,Kent,TN17 4AX,South East,Kent,Weald of Kent,51.086647,0.6161304,01580240333,www.benendenhospital.org.uk,120,Yes,2010-12-14,Outstanding,2017-05-11,Hospital,Caring for adults over 65 yrs; Caring for adults under 65 yrs,03454120,2025-11-01T23:15:24.690Z
1-118822952,1-101728786,Spencer Private Hospital,Spencer Private Hospitals Limited,Ramsgate Road,,Margate,Kent,CT9 4BG,South East,Kent,East Thanet,51.3771842,1.3879519,01843234555,www.spencerprivatehospitals.com,22,Yes,2011-01-04,Not rated,,Hospital,Caring for adults over 65 yrs; Caring for adults under 65 yrs; Caring for children; Learning disabilities; Physical disabilities; Sensory impairment,03130118,2025-11-01T23:15:26.089Z
1-118822975,1-101728786,Spencer Private Hospitals,Spencer Private Hospitals Limited,Kennington Road,Willesborough,Ashford,Kent,TN24 0LZ,South East,Kent,Ashford,51.141489,0.916209,01233616201,www.spencerprivatehospitals.com,6,Yes,2011-01-04,Good,2015-10-13,Hospital,Caring for adults over 65 yrs; Caring for adults under 65 yrs; Caring for children; Learning disabilities; Physical disabilities; Sensory impairment,03130118,2025-11-01T23:15:26.219Z
1-1285831303,1-1058889874,KIMS Hospital,KIMS Hospital Limited,Newnham Court Way,Weavering,Maidstone,Kent,ME14 5FT,South East,Kent,Faversham and Mid Kent,51.286548,0.556711,01622237500,www.kims.org.uk,0,No,2014-04-15,Good,2019-10-29,Hospital,Caring for adults over 65 yrs; Caring for adults under 65 yrs,07525422,2025-11-01T23:15:39.715Z
1-128718687,1-102643458,Ashtead Hospital,Ramsay Health Care UK Operations Limited,The Warren,,Ashtead,Surrey,KT21 2SB,South East,Surrey,Epsom and Ewell,51.3043374,-0.3032685,01372221400,www.ramsayhealth.co.uk,57,Yes,2010-12-20,Good,2017-07-06,Hospital,Caring for adults over 65 yrs; Caring for adults under 65 yrs,01532937,2025-11-01T23:15:40.841Z
1-128732838,1-102643458,The Cherwell Hospital,Ramsay Health Care UK Operations Limited,Oxford Road,,Banbury,Oxfordshire,OX16 9FG,South East,Oxfordshire,Banbury,52.0540533,-1.3345839,01295755000,www.ramsayhealth.co.uk,0,No,2010-12-20,Not rated,,Hospital,Caring for adults over 65 yrs; Caring for adults under 65 yrs,01532937,2025-11-01T23:15:41.228Z
1-128733015,1-102643458,North Downs Hospital,Ramsay Health Care UK Operations Limited,46 Tupwood Lane,,Caterham,Surrey,CR3 6DP,South East,Surrey,East Surrey,51.2742855,-0.0803722,01883348981,www.ramsayhealth.co.uk,16,Yes,2010-12-20,Good,2016-09-23,Hospital,Caring for adults over 65 yrs; Caring for adults under 65 yrs,01532937,2025-11-01T23:15:41.339Z
1-128733141,1-102643458,The Berkshire Independent Hospital,Ramsay Health Care UK Operations Limited,Swallowscroft,Wensley Road,Reading,Berkshire,RG1 6UZ,South East,Reading,Reading Central,51.4445508,-0.9882922,01189028000,www.ramsayhealth.co.uk,73,Yes,2010-12-20,Good,2020-05-19,Hospital,Caring for adults over 65 yrs; Caring for adults under 65 yrs,01532937,2025-11-01T23:15:41.818Z
1-128758622,1-102643500,The Chiltern Hospital,Circle Health Group Limited,London Road,,Great Missenden,Buckinghamshire,HP16 0EN,South East,Buckinghamshire,Mid Buckinghamshire,51.6905373,-0.6936467,01494890890,www.circlehealthgroup.co.uk/hospitals/the-chiltern-hospital,66,Yes,2011-05-11,Good,2021-11-29,Hospital,Caring for adults over 65 yrs; Caring for adults under 65 yrs; Caring for children; Physical disabilities; Sensory impairment,02164270,2025-11-01T23:15:42.046Z
1-128758675,1-102643500,Chaucer Hospital,Circle Health Group Limited,Nackington Road,,Canterbury,Kent,CT4 7AR,South East,Kent,Canterbury,51.2617257,1.0874715,01227825100,www.circlehealthgroup.co.uk/hospitals/the-chaucer-hospital,60,Yes,2011-05-11,Good,2022-05-06,Hospital,Caring for adults over 65 yrs; Caring for adults under 65 yrs,02164270,2025-11-01T23:15:42.143Z
1-128766799,1-102643500,Goring Hall Hospital,Circle Health Group Limited,Bodiam Avenue,Goring-by-Sea,Worthing,West Sussex,BN12 5AT,South East,West Sussex,Worthing West,50.811381,-0.4318083,01903506699,www.circlehealthgroup.co.uk/hospitals/goring-hall-hospital,52,Yes,2011-05-11,Good,2022-03-15,Hospital,Caring for adults over 65 yrs; Caring for adults under 65 yrs; Physical disabilities; Sensory impairment,02164270,2025-11-01T23:15:42.373Z
1-128766820,1-102643500,The Hampshire Clinic,Circle Health Group Limited,Basing Road,Old Basing,Basingstoke,Hampshire,RG24 7AL,South East,Hampshire,North East Hampshire,51.270248,-1.0638994,01256357111,www.circlehealthgroup.co.uk/hospitals/the-hampshire-clinic,65,Yes,2011-05-11,Good,2021-12-06,Hospital; Diagnosis/screening,Caring for adults over 65 yrs; Caring for children; Physical disabilities; Sensory impairment,02164270,2025-11-01T23:15:42.484Z
1-128767043,1-102643500,Mount Alvernia Hospital,Circle Health Group Limited,Harvey Road,,Guildford,Surrey,GU1 3LX,South East,Surrey,Guildford,51.2357452,-0.5641965,01483570122,www.circlehealthgroup.co.uk/hospitals/mount-alvernia-hospital,90,Yes,2011-05-11,Good,2022-04-11,Hospital,Caring for adults over 65 yrs; Caring for adults under 65 yrs; Physical disabilities; Sensory impairment,02164270,2025-11-01T23:15:42.587Z
1-128767105,1-102643500,The Princess Margaret Hospital,Circle Health Group Limited,Osborne Road,,Windsor,Berkshire,SL4 3SJ,South East,Windsor and Maidenhead,Windsor,51.4746971,-0.6102641,01753743434,www.circlehealthgroup.co.uk/hospitals/the-princess-margaret-hospital,90,Yes,2011-05-11,Good,2019-05-03,Hospital,Caring for adults over 65 yrs; Caring for adults under 65 yrs; Caring for children; Physical disabilities; Sensory impairment,02164270,2025-11-01T23:15:42.776Z
1-128767168,1-102643500,The Runnymede Hospital,Circle Health Group Limited,Guildford Road,Ottershaw,Chertsey,Surrey,KT16 0RQ,South East,Surrey,Runnymede and Weybridge,51.3779738,-0.5241056,01932877800,www.circlehealthgroup.co.uk/hospitals/the-runnymede-hospital,52,Yes,2011-05-11,Good,2017-01-25,Hospital,Caring for adults over 65 yrs; Caring for adults under 65 yrs; Dementia; Physical disabilities; Sensory impairment,02164270,2025-11-01T23:15:42.885Z
1-128767211,1-102643500,Sarum Road Hospital,Circle Health Group Limited,Sarum Road,,Winchester,Hampshire,SO22 5HA,South East,Hampshire,Winchester,51.0612874,-1.3403524,01962844555,www.circlehealthgroup.co.uk/hospitals/sarum-road-hospital,48,Yes,2011-05-11,Good,2022-04-06,Hospital; Diagnosis/screening,Caring for adults over 65 yrs; Caring for adults under 65 yrs; Physical disabilities; Sensory impairment,02164270,2025-11-01T23:15:43.349Z
1-128767232,1-102643500,The Saxon Clinic,Circle Health Group Limited,Saxon Street,Eaglestone,Milton Keynes,Buckinghamshire,MK6 5LR,South East,Milton Keynes,Milton Keynes Central,52.0256236,-0.7403437,01908665533,www.circlehealthgroup.co.uk/hospitals/the-saxon-clinic,40,Yes,2011-05-11,Good,2019-12-27,Hospital,Caring for adults over 65 yrs; Caring for adults under 65 yrs; Caring for children; Physical disabilities; Sensory impairment,02164270,2025-11-01T23:15:43.544Z
1-128767252,1-102643500,The Shelburne Hospital,Circle Health Group Limited,Queen Alexandra Road,,High Wycombe,Buckinghamshire,HP11 2TR,South East,Buckinghamshire,Wycombe,51.6260376,-0.7550258,01494888700,www.circlehealthgroup.co.uk/hospitals/the-shelburne-hospital,31,Yes,2011-05-11,Requires improvement,2019-04-24,Hospital,Caring for adults over 65 yrs; Caring for adults under 65 yrs; Physical disabilities; Sensory impairment,02164270,2025-11-01T23:15:43.690Z
1-129783078,1-102643305,Spire Alexandra Hospital,Spire Healthcare Limited,Impton Lane,Walderslade,Chatham,Kent,ME5 9PG,South East,Kent,Faversham and Mid Kent,51.3279358,0.5265557,01634686162,www.spirehealthcare.com/alexandra,47,Yes,2010-10-13,Requires improvement,2017-09-06,Hospital,Caring for children; Services for everyone,01522532,2025-11-01T23:15:45.037Z
1-129798171,1-102643305,Spire Gatwick Park Hospital,Spire Healthcare Limited,Povey Cross Road,,Horley,Surrey,RH6 0BB,South East,Surrey,Dorking and Horley,51.1676802,-0.1833693,01293785511,www.spirehealthcare.com/gatwickpark,64,Yes,2010-11-03,Good,2022-01-17,Hospital,Caring for children; Services for everyone,01522532,2025-11-01T23:15:45.522Z
1-129798357,1-102643305,Spire Portsmouth Hospital,Spire Healthcare Limited,Bartons Road,,Havant,Hampshire,PO9 5NP,South East,Hampshire,East Hampshire,50.868589,-0.95514,02392456000,www.spirehealthcare.com/portsmouth,50,Yes,2010-11-03,Good,2016-09-07,Hospital,Caring for children; Services for everyone,01522532,2025-11-01T23:15:45.629Z
1-129798412,1-102643305,Spire Southampton Hospital,Spire Healthcare Limited,Chalybeate Close,,Southampton,Hampshire,SO16 6UY,South East,Southampton,Southampton Test,50.930607,-1.432728,02380775544,www.spirehealthcare.com/southampton,78,Yes,2010-11-03,Not rated,,Hospital,Caring for children; Services for everyone,01522532,2025-11-01T23:15:45.773Z
1-14978193657,1-14348430803,Berkshire Grove Hospital,Berkshire Grove Hospital Ltd,Grove House,"Waltham Road, White Waltham",Maidenhead,,SL6 3TN,South East,Windsor and Maidenhead,Maidenhead,51.4900806,-0.7745754,,,0,No,2023-08-08,Not rated,,Hospital; Doctors/Gps,Caring for adults over 65 yrs; Caring for adults under 65 yrs,13826038,2025-11-01T23:16:05.109Z
1-15476909220,1-15351576653,One Ashford Hospital,PHG Hospitals A Limited,"Unit C, Kennington Road",Willesborough,Ashford,,TN24 0YS,South East,Kent,Ashford,51.1426652,0.9117604,01233423000,www.onehealthcare.co.uk,0,No,2023-09-06,Good,2017-09-05,Hospital,Services for everyone,14550905,2025-11-01T23:16:08.868Z
1-1675529321,1-1488601653,The Royal Buckinghamshire Hospital,The Royal Buckinghamshire Hospital Limited,Buckingham Road,,Aylesbury,Buckinghamshire,HP19 9AB,South East,Buckinghamshire,Aylesbury,51.8207287,-0.8158951,01296678800,www.royalbucks.co.uk,22,Yes,2014-09-19,Good,2021-12-16,Hospital; Diagnosis/screening; Long-term conditions; Rehabilitation (illness/injury),Caring for adults over 65 yrs; Caring for adults under 65 yrs; Caring for children; Physical disabilities; Sensory impairment,08435515,2025-11-01T23:16:14.876Z
1-2115222657,1-101728244,"The McIndoe Centre, part of Horder Healthcare",Horder Healthcare,McIndoe Surgical Centre,Holtye Road,East Grinstead,West Sussex,RH19 3EB,South East,West Sussex,East Grinstead and Uckfield,51.1340176,-0.0023895,01342330300,www.themcindoecentre.co.uk,0,No,2015-07-03,Good,2017-03-31,Hospital,Caring for adults over 65 yrs; Caring for adults under 65 yrs; Caring for children; Physical disabilities; Sensory impairment,,2025-11-01T23:16:38.716Z
1-2254088615,1-116865921,"Practice Plus Group Hospital, Southampton",Practice Plus Group Hospitals Limited,"Level C, Royal South Hants Hospital",Brintons Terrace,Southampton,Hampshire,SO14 0YG,South East,Southampton,Southampton Test,50.912389,-1.397076,01206752552,www.southamptontreatmentcentre.nhs.uk,0,No,2015-10-30,Good,2022-01-20,Hospital,Caring for adults over 65 yrs; Caring for adults under 65 yrs; Caring for children,03462881,2025-11-01T23:16:47.774Z
1-24152030458,1-22156123748,Azara International Limited,Azara International Limited,Azara House,8 Chilston Road,Tunbridge Wells,,TN4 9LT,South East,Kent,Tunbridge Wells,51.1412695,0.2635341,02034179980,www.dominicbray.com,0,No,2025-09-08,Good,2020-03-23,Hospital,Caring for adults over 65 yrs; Caring for adults under 65 yrs,16264810,2025-11-01T23:16:56.311Z
1-2745284068,1-102643305,Spire Dunedin Hospital,Spire Healthcare Limited,16 Bath Road,,Reading,,RG1 6NS,South East,Reading,Reading Central,51.4504637,-0.9857871,,www.spirehealthcare.com,0,No,2016-07-01,Good,2022-05-19,Hospital,Services for everyone,01522532,2025-11-01T23:17:03.128Z
1-2745447408,1-102643305,Spire Clare Park Hospital,Spire Healthcare Limited,Clare Park,,Farnham,Surrey,GU10 5XX,South East,Hampshire,North East Hampshire,51.225128,-0.847488,,www.spirehealthcare.com,0,No,2016-07-01,Not rated,,Hospital,Services for everyone,01522532,2025-11-01T23:17:03.262Z
1-2745569338,1-102643305,Spire Thames Valley Hospital,Spire Healthcare Limited,Wexham Street,Wexham,Slough,Berkshire,SL3 6NH,South East,Buckinghamshire,Beaconsfield,51.542787,-0.572415,01753665468,www.spirehealthcare.com,0,No,2016-07-01,Good,2020-02-03,Hospital,Services for everyone,01522532,2025-11-01T23:17:03.481Z
1-298932083,1-274331683,Caterham Dene Hospital,First Community Health & Care C.I.C.,Church Road,,Caterham,Surrey,CR3 5RA,South East,Surrey,East Surrey,51.2841025,-0.0856553,,www.firstcommunityhealthcare.co.uk,0,No,2011-09-30,No published rating,,Hospital; Diagnosis/screening; Urgent care centres,Caring for adults over 65 yrs; Caring for adults under 65 yrs; Caring for children; Physical disabilities,07711859,2025-11-01T23:17:07.732Z
1-445725083,1-425255541,CircleReading,Circle Hospital (Reading) Limited,100 Drake Way,,Reading,Berkshire,RG2 0NE,South East,Reading,Earley and Woodley,51.4293321,-0.9763873,01189226899,www.circlepartnership.co.uk/locations/reading,0,No,2012-07-09,Good,2019-10-24,Hospital; Diagnosis/screening,Caring for adults over 65 yrs; Caring for adults under 65 yrs,06995585,2025-11-01T23:17:30.413Z
1-522837355,1-480990022,The Montefiore Hospital,Montefiore House Limited,2 Montefiore Road,,Hove,East Sussex,BN3 1RD,South East,Brighton and Hove,Hove and Portslade,50.831848,-0.154872,07725262419,www.spirehealthcare.com,0,No,2012-11-15,Outstanding,2017-09-22,Hospital,Caring for adults over 65 yrs; Caring for adults under 65 yrs; Caring for children,07414715,2025-11-01T23:17:39.197Z
1-6548548760,1-6369347853,The New Foscote Hospital,The New Foscote Hospital Limited,2 Foscote Rise,,Banbury,Oxfordshire,OX16 9XP,South East,Oxfordshire,Banbury,52.0533475,-1.3309783,01295252281,,0,No,2019-04-01,Good,2021-08-24,Hospital,Caring for adults over 65 yrs; Caring for adults under 65 yrs; Caring for children,11742951,2025-11-01T23:17:51.400Z
1-9146169306,1-101634455,Basingstoke Dialysis Unit,B. Braun Avitum UK Limited,Unit 7,"Ringway Centre, Edison Road",Basingstoke,,RG21 6YH,South East,Hampshire,Basingstoke,51.2761488,-1.1044239,01256338580,www.nephrocare.co.uk,0,No,2020-07-13,Good,2022-10-10,Hospital,Caring for adults over 65 yrs; Caring for adults under 65 yrs,04153656,2025-11-01T23:18:05.845Z
1-115574313,1-102643516,Nuffield Health Bournemouth Hospital,Nuffield Health,67-71 Lansdowne Road,,Bournemouth,Dorset,BH1 1RW,South West,"Bournemouth, Christchurch and Poole",Bournemouth West,50.730406,-1.870932,01202291866,www.nuffieldhealth.com/hospitals/bournemouth,57,Yes,2010-11-26,Good,2022-06-21,Hospital,Caring for adults over 65 yrs; Caring for adults under 65 yrs; Caring for children; Physical disabilities; Sensory impairment,00576970,2025-11-01T23:19:10.404Z
1-115574419,1-102643516,Nuffield Health Cheltenham Hospital,Nuffield Health,Hatherley Lane,,Cheltenham,Gloucestershire,GL51 6SY,South West,Gloucestershire,Cheltenham,51.8919335,-2.1299142,01242246500,www.nuffieldhealth.com/hospitals/cheltenham,42,Yes,2010-11-26,Good,2023-01-17,Hospital; Doctors/Gps,Caring for adults over 65 yrs; Caring for adults under 65 yrs; Caring for children; Physical disabilities; Sensory impairment,00576970,2025-11-01T23:19:10.616Z
1-115574477,1-102643516,Nuffield Health Exeter Hospital,Nuffield Health,Wonford Road,,Exeter,Devon,EX2 4UG,South West,Devon,Exeter,50.7162995,-3.5112997,01392262111,www.nuffieldhealth.com/hospitals/exeter,45,Yes,2010-11-26,Good,2016-10-26,Hospital,Caring for adults over 65 yrs; Caring for adults under 65 yrs; Caring for children; Physical disabilities; Sensory impairment,00576970,2025-11-01T23:19:10.718Z
1-115574658,1-102643516,Nuffield Health Plymouth Hospital,Nuffield Health,Derriford Road,,Plymouth,Devon,PL6 8BG,South West,Plymouth,Plymouth Moor View,50.4186534,-4.1144888,01752775861,www.nuffieldhealth.com/hospitals/plymouth,41,Yes,2010-11-26,Good,2022-07-19,Hospital,Caring for adults over 65 yrs; Caring for adults under 65 yrs; Caring for children; Physical disabilities; Sensory impairment,00576970,2025-11-01T23:19:10.830Z
1-115574698,1-102643516,Nuffield Health Taunton Hospital,Nuffield Health,Staplegrove Elm,,Taunton,Somerset,TA2 6AN,South West,Somerset,Taunton and Wellington,51.0287984,-3.1282644,01823286991,www.nuffieldhealth.com/hospitals/taunton,41,Yes,2010-11-26,Not rated,,Hospital,Caring for adults over 65 yrs; Caring for adults under 65 yrs; Physical disabilities; Sensory impairment,00576970,2025-11-01T23:19:10.951Z
1-119269999,1-101727364,Sulis Bath Hospital Limited,Sulis Hospital Bath Limited,Foxcote Avenue,"Bath Business Park, Peasedown St John",Bath,Avon,BA2 8SQ,South West,Bath and North East Somerset,Frome and East Somerset,51.311327,-2.416516,01761422222,www.circlebath.co.uk,30,Yes,2011-01-18,Not rated,,Hospital,Caring for adults over 65 yrs; Caring for adults under 65 yrs,06296104,2025-11-01T23:19:15.307Z
1-128732707,1-102643458,Duchy Hospital,Ramsay Health Care UK Operations Limited,Penventinnie Lane,Treliske,Truro,Cornwall,TR1 3UP,South West,Cornwall,Truro and Falmouth,50.2679237,-5.0936128,01872226100,www.ramsayhealth.co.uk,30,Yes,2010-10-12,Good,2022-08-02,Hospital; Doctors/Gps,Caring for adults over 65 yrs; Caring for adults under 65 yrs,01532937,2025-11-01T23:19:22.484Z
1-128732982,1-102643458,Mount Stuart Hospital,Ramsay Health Care UK Operations Limited,St Vincents Road,,Torquay,Devon,TQ1 4UP,South West,Torbay,Torbay,50.4750789,-3.5417719,01803313881,www.ramsayhealth.co.uk,31,Yes,2010-12-20,Good,2018-10-08,Hospital,Caring for adults over 65 yrs; Caring for adults under 65 yrs,01532937,2025-11-01T23:19:22.711Z
1-128732997,1-102643458,New Hall Hospital,Ramsay Health Care UK Operations Limited,Bodenham,,Salisbury,Wiltshire,SP5 4EW,South West,Wiltshire,Salisbury,51.03273,-1.763438,01722422333,www.ramsayhealth.co.uk,48,Yes,2010-12-20,Not rated,,Hospital,Caring for adults over 65 yrs; Caring for adults under 65 yrs,01532937,2025-11-01T23:19:22.838Z
1-128733195,1-102643458,Winfield Hospital,Ramsay Health Care UK Operations Limited,Tewkesbury Road,Longford,Gloucester,Gloucestershire,GL2 9WH,South West,Gloucestershire,Gloucester,51.8804454,-2.2424275,01452331111,www.ramsayhealth.co.uk,45,Yes,2010-12-20,Not rated,,Hospital,Caring for adults over 65 yrs; Caring for adults under 65 yrs,01532937,2025-11-01T23:19:22.944Z
1-128758255,1-102643500,Bath Clinic,Circle Health Group Limited,Claverton Down Road,Combe Down,Bath,Somerset,BA2 7BR,South West,Bath and North East Somerset,Bath,51.3642742,-2.3320408,01225835555,www.circlehealthgroup.co.uk/hospitals/bath-clinic,75,Yes,2011-05-11,Good,2022-05-18,Hospital; Diagnosis/screening,Caring for adults over 65 yrs; Caring for adults under 65 yrs; Physical disabilities; Sensory impairment,02164270,2025-11-01T23:19:23.092Z
1-128766841,1-102643500,The Harbour Hospital,Circle Health Group Limited,St Marys Road,,Poole,Dorset,BH15 2BH,South West,"Bournemouth, Christchurch and Poole",Poole,50.7219959,-1.9756881,01202244200,www.circlehealthgroup.co.uk/hospitals/the-harbour-hospital,40,Yes,2011-05-11,Good,2022-02-07,Hospital; Diagnosis/screening,Caring for adults over 65 yrs; Caring for adults under 65 yrs,02164270,2025-11-01T23:19:23.180Z
1-128767148,1-102643500,The Ridgeway Hospital,Circle Health Group Limited,Moormead Road,Wroughton,Swindon,Wiltshire,SN4 9DD,South West,Swindon,East Wiltshire,51.5253259,-1.7861508,01793814848,www.circlehealthgroup.co.uk/hospitals/the-ridgeway-hospital,50,Yes,2011-05-11,Good,2022-06-29,Hospital; Diagnosis/screening,Caring for adults over 65 yrs; Caring for adults under 65 yrs; Physical disabilities; Sensory impairment,02164270,2025-11-01T23:19:23.299Z
1-128767396,1-102643500,The Winterbourne Hospital,Circle Health Group Limited,Herringston Road,,Dorchester,Dorset,DT1 2DR,South West,Dorset,West Dorset,50.701008,-2.4418648,01305263252,www.circlehealthgroup.co.uk/hospitals/the-winterbourne-hospital,38,Yes,2011-05-11,Requires improvement,2022-09-15,Hospital; Diagnosis/screening,Caring for adults over 65 yrs; Caring for adults under 65 yrs; Physical disabilities; Sensory impairment,02164270,2025-11-01T23:19:23.401Z
1-129783097,1-102643305,Spire Bristol Hospital,Spire Healthcare Limited,The Glen,"Redland Hill, Durdham Down",Bristol,,BS6 6UT,South West,"Bristol, City of",Bristol Central,51.4720423,-2.6148676,01179804000,www.spirehealthcare.com/bristol,80,Yes,2010-10-13,Good,2022-06-23,Hospital,Caring for children; Services for everyone,01522532,2025-11-01T23:19:24.085Z
1-14395393170,1-9371603807,North Bristol Private Hospital,EP SURGICAL LTD,150 Aztec West,Almondsbury,Bristol,,BS32 4UB,South West,South Gloucestershire,Filton and Bradley Stoke,51.5409738,-2.5681545,07427606908,www.elenaprousskaia.com,0,No,2023-02-07,Not rated,,Hospital,Caring for adults over 65 yrs; Caring for adults under 65 yrs,10823510,2025-11-01T23:19:29.655Z
1-17981718469,1-126141122,Gloucester Royal Hospital Renal Units,Diaverum Facilities Management Limited,Gloucester Royal Hospital,Great Western Road,Gloucester,,GL1 3NN,South West,Gloucestershire,Gloucester,51.8663861,-2.2320695,01727737680,www.diaverum.com,0,No,2023-12-04,Requires improvement,2023-08-24,Hospital,Caring for adults over 65 yrs; Caring for adults under 65 yrs; Physical disabilities,06615243,2025-11-01T23:19:40.305Z
1-17981718583,1-126141122,Forest Dialysis Unit,Diaverum Facilities Management Limited,23 Newtown Road,,Cinderford,,GL14 3JE,South West,Gloucestershire,Forest of Dean,51.8364105,-2.5119536,03004228760,www.diaverum.com,0,No,2023-12-04,Not rated,,Hospital,Caring for adults over 65 yrs; Caring for adults under 65 yrs; Physical disabilities,06615243,2025-11-01T23:19:40.439Z
1-21589220733,1-21257866494,The Northwood Hospital,Severn Hospital Limited,Unit 1400,"Bristol Parkway North, Newbrick Road, Stoke Gifford",Bristol,,BS34 8YU,South West,South Gloucestershire,Filton and Bradley Stoke,51.5175708,-2.5312847,0785557252,www.northwoodhospital.co.uk,0,No,2025-10-10,Not rated,,Hospital,Caring for adults over 65 yrs; Caring for adults under 65 yrs,14953614,2025-11-01T23:19:52.448Z
1-2251815469,1-116865921,Practice Plus Group Hospital - Emersons Green,Practice Plus Group Hospitals Limited,The Brooms,Emersons Green,Bristol,,BS16 7FH,South West,South Gloucestershire,Filton and Bradley Stoke,51.5039618,-2.4828766,01206752552,,0,No,2015-10-23,Good,2016-07-22,Hospital,Caring for adults over 65 yrs; Caring for adults under 65 yrs; Caring for children,03462881,2025-11-01T23:19:55.627Z
1-918228984,1-102643516,Nuffield Health Bristol Hospital - The Chesterfield,Nuffield Health,The Chesterfield,3 Clifton Hill,Bristol,Avon,BS8 1BN,South West,"Bristol, City of",Bristol Central,51.453605,-2.615998,,www.nuffieldhealth.com,0,No,2013-10-18,Not rated,,Hospital; Doctors/Gps,Caring for adults over 65 yrs; Caring for adults under 65 yrs; Caring for children,00576970,2025-11-01T23:20:41.758Z
1-9786536825,1-116865921,"Practice Plus Group Hospital, Shepton Mallet",Practice Plus Group Hospitals Limited,Old Wells Road,,Shepton Mallet,,BA4 4LP,South West,Somerset,Wells and Mendip Hills,51.1897318,-2.5627201,01749333600,,0,No,2020-11-06,Good,2023-06-21,Hospital,Services for everyone,03462881,2025-11-01T23:20:44.317Z
1-9786536853,1-116865921,"Practice Plus Group Hospital, Plymouth",Practice Plus Group Hospitals Limited,20 Brest Road,Plymouth International Business Park,Plymouth,Devon,PL6 5XP,South West,Plymouth,Plymouth Moor View,50.4125486,-4.1187608,01752506070,,0,No,2020-11-06,Good,2023-02-16,Hospital,Caring for adults over 65 yrs; Caring for adults under 65 yrs,03462881,2025-11-01T23:20:44.445Z
1-115574336,1-102643516,Nuffield Health Brentwood Hospital,Nuffield Health,Shenfield Road,,Brentwood,Essex,CM15 8EH,East,Essex,Brentwood and Ongar,51.6233334,0.3128496,01277695695,www.nuffieldhealth.com/hospitals/brentwood,48,Yes,2010-11-26,Good,2017-06-14,Hospital,Caring for adults over 65 yrs; Caring for adults under 65 yrs; Caring for children; Physical disabilities; Sensory impairment,00576970,2025-11-01T23:21:35.615Z
1-115574398,1-102643516,Nuffield Health Cambridge Hospital,Nuffield Health,4 Trumpington Road,,Cambridge,Cambridgeshire,CB2 8AF,East,Cambridgeshire,Cambridge,52.1900419,0.1239628,01223303336,www.nuffieldhealth.com/hospitals/cambridge,50,Yes,2010-11-26,Outstanding,2016-11-09,Hospital,Caring for adults over 65 yrs; Caring for adults under 65 yrs; Caring for children; Physical disabilities; Sensory impairment,00576970,2025-11-01T23:21:35.730Z
1-115574557,1-102643516,Nuffield Health Ipswich Hospital,Nuffield Health,Foxhall Road,,Ipswich,Suffolk,IP4 5SW,East,Suffolk,Suffolk Coastal,52.0475351,1.2289616,01473279100,www.nuffieldhealth.com/hospitals/ipswich,0,No,2010-11-26,Good,2016-11-30,Hospital,Caring for adults over 65 yrs; Caring for adults under 65 yrs; Caring for children; Physical disabilities; Sensory impairment,00576970,2025-11-01T23:21:35.826Z
1-128732743,1-102643458,Fitzwilliam Hospital,Ramsay Health Care UK Operations Limited,Milton Way,South Bretton,Peterborough,Cambridgeshire,PE3 9AQ,East,Peterborough,Peterborough,52.576488,-0.2975349,01733261717,www.ramsayhealth.co.uk,55,Yes,2010-10-12,Not rated,,Hospital,Caring for adults over 65 yrs; Caring for adults under 65 yrs,01532937,2025-11-01T23:21:44.364Z
1-128733050,1-102643458,Oaks Hospital,Ramsay Health Care UK Operations Limited,Oaks Place,Mile End Road,Colchester,Essex,CO4 5XR,East,Essex,Colchester,51.906301,0.894979,01206752121,www.ramsayhealth.co.uk,57,Yes,2010-12-20,Not rated,,Hospital,Caring for adults over 65 yrs; Caring for adults under 65 yrs,01532937,2025-11-01T23:21:44.588Z
1-128733068,1-102643458,Pinehill Hospital,Ramsay Health Care UK Operations Limited,Benslow Lane,,Hitchin,Hertfordshire,SG4 9QZ,East,Hertfordshire,Hitchin,51.9495738,-0.2622893,01462422822,www.ramsayhealth.co.uk,30,Yes,2010-10-12,Good,2019-03-01,Hospital,Caring for adults over 65 yrs; Caring for adults under 65 yrs; Physical disabilities,01532937,2025-11-01T23:21:44.720Z
1-128733105,1-102643458,Rivers Hospital,Ramsay Health Care UK Operations Limited,High Wych Road,High Wych,Sawbridgeworth,Hertfordshire,CM21 0HH,East,Hertfordshire,Hertford and Stortford,51.807096,0.130457,01279600282,www.ramsayhealth.co.uk,59,Yes,2010-10-12,Good,2019-03-25,Hospital,Caring for adults over 65 yrs; Caring for adults under 65 yrs; Caring for children,01532937,2025-11-01T23:21:44.827Z
1-128733123,1-102643458,Springfield Hospital,Ramsay Health Care UK Operations Limited,Lawn Lane,Springfield,Chelmsford,Essex,CM1 7GU,East,Essex,Chelmsford,51.7533788,0.4846234,01245234000,www.ramsayhealth.co.uk,64,Yes,2010-12-20,Good,2019-01-17,Hospital,Caring for adults over 65 yrs; Caring for adults under 65 yrs; Caring for children,01532937,2025-11-01T23:21:44.933Z
1-128767002,1-102643500,The Manor Hospital,Circle Health Group Limited,Church End,Biddenham,Bedford,Bedfordshire,MK40 4AW,East,Bedford,North Bedfordshire,52.1384177,-0.5138996,01234364252,www.circlehealthgroup.co.uk/hospitals/the-manor-hospital,23,Yes,2011-05-11,Good,2018-07-04,Hospital; Diagnosis/screening,Caring for adults over 65 yrs; Physical disabilities; Sensory impairment,02164270,2025-11-01T23:21:45.047Z
1-128767355,1-102643500,St Edmunds Hospital,Circle Health Group Limited,St Mary's Square,,Bury St Edmunds,Suffolk,IP33 2AA,East,Suffolk,Bury St Edmunds and Stowmarket,52.2400947,0.7194144,01284701371,www.circlehealthgroup.co.uk/hospitals/st-edmunds-hospital,31,Yes,2011-05-11,Good,2019-03-01,Hospital,Caring for adults over 65 yrs; Caring for adults under 65 yrs,02164270,2025-11-01T23:21:45.530Z
1-12924819087,1-102643516,The Holly Private Hospital,Nuffield Health,High Road,,Buckhurst Hill,Essex,IG9 5HX,East,Essex,Epping Forest,51.6245135,0.0320392,02085053311,www.hollyhouse-hospital.co.uk,0,No,2022-06-01,Good,2017-05-25,Hospital,Services for everyone,00576970,2025-11-01T23:21:46.370Z
1-129798115,1-102643305,Spire Bushey Hospital,Spire Healthcare Limited,Bushey Hospital,"Heathbourne Road, Bushey Heath",Bushey,,WD23 1RD,East,Hertfordshire,Hertsmere,51.637343,-0.3317086,02089015524,www.spirehealthcare.com/bushey,76,Yes,2010-10-13,Good,2021-12-02,Hospital,Caring for children; Services for everyone,01522532,2025-11-01T23:21:48.297Z
1-129798134,1-102643305,Spire Cambridge Lea Hospital,Spire Healthcare Limited,30 New Road,Impington,Cambridge,Cambridgeshire,CB24 9EL,East,Cambridgeshire,St Neots and Mid Cambridgeshire,52.2447777,0.1133923,01223266900,www.spirehealthcare.com/cambridge,53,Yes,2010-11-03,Good,2016-12-05,Hospital,Caring for children; Services for everyone,01522532,2025-11-01T23:21:48.711Z
1-129798190,1-102643305,Spire Harpenden Hospital,Spire Healthcare Limited,Ambrose Lane,,Harpenden,Hertfordshire,AL5 4BP,East,Hertfordshire,Harpenden and Berkhamsted,51.8281369,-0.3603677,01582763191,www.spirehealthcare.com/harpenden,72,Yes,2010-11-03,Good,2017-01-09,Hospital,Caring for children; Services for everyone,01522532,2025-11-01T23:21:49.122Z
1-129798209,1-102643305,Spire Hartswood Hospital,Spire Healthcare Limited,Eagle Way,,Brentwood,Essex,CM13 3LE,East,Essex,Brentwood and Ongar,51.6004153,0.2930503,01277232525,www.spirehealthcare.com/hartswood,58,Yes,2010-11-03,Good,2022-03-22,Hospital,Caring for children; Services for everyone,01522532,2025-11-01T23:21:49.443Z
1-129798322,1-102643305,Spire Norwich Hospital,Spire Healthcare Limited,Old Watton Road,Colney,Norwich,Norfolk,NR4 7TD,East,Norfolk,South Norfolk,52.6271469,1.2257711,01603456181,www.spirehealthcare.com/norwich,67,Yes,2010-11-03,Good,2016-08-30,Hospital,Caring for children; Services for everyone,01522532,2025-11-01T23:21:49.635Z
1-129798487,1-102643305,Spire Wellesley Hospital,Spire Healthcare Limited,Eastern Avenue,,Southend-on-Sea,Essex,SS2 4XH,East,Southend-on-Sea,Southend West and Leigh,51.5543989,0.7276182,01702462944,www.spirehealthcare.com/wellesley,51,Yes,2010-11-03,Good,2023-03-06,Hospital,Caring for children; Services for everyone,01522532,2025-11-01T23:21:49.848Z
1-131348963,1-101729247,Orthopaedics and Spine Specialist Hospital,Orthopaedics And Spine Specialty Clinic Limited,1 Stirling Way,Bretton,Peterborough,Cambridgeshire,PE3 8YA,East,Peterborough,Peterborough,52.6049598,-0.2830225,01733333156,www.orthospine.co.uk,10,Yes,2011-02-03,Not rated,,Hospital,Caring for adults over 65 yrs; Caring for adults under 65 yrs,03955622,2025-11-01T23:21:50.593Z
1-15475038495,1-15352746892,One Hatfield Hospital,PHG Hospitals B Limited,3 Hatfield Avenue,,Hatfield,Hertfordshire,AL10 9UA,East,Hertfordshire,Welwyn Hatfield,51.7710434,-0.2365443,01707443333,www.onehealthcare.co.uk,0,No,2023-09-06,Good,2019-09-12,Hospital,Services for everyone,14550986,2025-11-01T23:22:08.145Z
1-7784742645,1-7664539395,Phoenix Hospital Chelmsford,Phoenix Hospital Investments Ltd,Essex Healthcare Park,"West Hanningfield Road, Great Baddow",Chelmsford,,CM2 8FR,East,Essex,Chelmsford,51.7063915,0.5029533,01245801234,www.phoenixhospitalgroup.com/our-locations/phoenix-hospital-chelmsford/,0,No,2019-11-01,Good,2022-07-15,Hospital,Caring for adults over 65 yrs; Caring for adults under 65 yrs; Caring for children,12004528,2025-11-01T23:23:34.480Z
1-115574537,1-102643516,Nuffield Health Hereford Hospital,Nuffield Health,Venns Lane,,Hereford,Herefordshire,HR1 1DF,West Midlands,"Herefordshire, County of",North Herefordshire,52.0639166,-2.7000714,01432355131,www.nuffieldhealth.com/hospitals/hereford,23,Yes,2010-11-26,Good,2017-03-17,Hospital,Caring for adults over 65 yrs; Caring for adults under 65 yrs; Physical disabilities; Sensory impairment,00576970,2025-11-01T23:24:35.993Z
1-115574639,1-102643516,Nuffield Health North Staffordshire Hospital,Nuffield Health,Clayton Road,,Newcastle,Staffordshire,ST5 4DB,West Midlands,Staffordshire,Newcastle-under-Lyme,52.9873535,-2.2232999,01782625431,www.nuffieldhealth.com/hospitals/north-staffordshire,40,Yes,2010-11-26,Good,2018-08-31,Hospital,Caring for adults over 65 yrs; Caring for adults under 65 yrs; Caring for children; Physical disabilities; Sensory impairment,00576970,2025-11-01T23:24:36.119Z
1-115574678,1-102643516,Nuffield Health Shrewsbury Hospital,Nuffield Health,Longden Road,,Shrewsbury,Shropshire,SY3 9DP,West Midlands,Shropshire,Shrewsbury,52.692253,-2.771455,01743282500,www.nuffieldhealth.com/hospitals/shrewsbury,34,Yes,2010-11-26,Good,2018-10-30,Hospital,Caring for adults over 65 yrs; Physical disabilities; Sensory impairment,00576970,2025-11-01T23:24:36.215Z
1-115574798,1-102643516,Nuffield Health Warwickshire Hospital,Nuffield Health,The Chase,Old Milverton Lane,Leamington Spa,Warwickshire,CV32 6RW,West Midlands,Warwickshire,Warwick and Leamington,52.3112077,-1.5403456,01926427971,www.nuffieldhealth.com/hospitals/warwickshire,43,Yes,2010-11-26,Not rated,,Hospital,Caring for adults over 65 yrs; Caring for adults under 65 yrs; Caring for children; Physical disabilities; Sensory impairment,00576970,2025-11-01T23:24:36.397Z
1-115574857,1-102643516,Nuffield Health Wolverhampton Hospital,Nuffield Health,Wood Road,Tettenhall,Wolverhampton,Staffordshire,WV6 8LE,West Midlands,Wolverhampton,Wolverhampton West,52.5934759,-2.1715316,01902754177,www.nuffieldhealth.com/hospitals/wolverhampton,39,Yes,2010-11-26,Good,2022-10-11,Hospital,Caring for adults over 65 yrs; Caring for adults under 65 yrs; Physical disabilities; Sensory impairment,00576970,2025-11-01T23:24:36.499Z
1-128732964,1-102643458,Rowley Hall Hospital,Ramsay Health Care UK Operations Limited,Rowley Park,,Stafford,Staffordshire,ST17 9AQ,West Midlands,Staffordshire,Stafford,52.7947932,-2.1262779,01785332898,www.ramsayhealth.co.uk,15,Yes,2010-12-20,Good,2023-04-06,Hospital,Caring for adults over 65 yrs; Caring for adults under 65 yrs,01532937,2025-11-01T23:24:46.238Z
1-128733177,1-102643458,West Midlands Hospital,Ramsay Health Care UK Operations Limited,Colman Hill,,Halesowen,West Midlands,B63 2AH,West Midlands,Dudley,Halesowen,52.4578278,-2.0766685,01384560123,www.ramsayhealth.co.uk,34,Yes,2010-12-20,Requires improvement,2022-07-05,Hospital,Caring for adults over 65 yrs; Caring for adults under 65 yrs,01532937,2025-11-01T23:24:46.355Z
1-128758696,1-102643500,The Droitwich Spa Hospital,Circle Health Group Limited,St Andrews Road,,Droitwich,Worcestershire,WR9 8DN,West Midlands,Worcestershire,Droitwich and Evesham,52.266267,-2.150996,01905793333,www.circlehealthgroup.co.uk/hospitals/the-droitwich-spa-hospital,46,Yes,2011-05-11,Not rated,,Hospital; Diagnosis/screening,Caring for adults over 65 yrs; Caring for adults under 65 yrs; Physical disabilities; Sensory impairment,02164270,2025-11-01T23:24:46.593Z
1-128767023,1-102643500,The Meriden Hospital,Circle Health Group Limited,Walsgrave Hospital Site,Clifford Bridge Road,Coventry,West Midlands,CV2 2LQ,West Midlands,Coventry,Coventry East,52.4233825,-1.4381631,02476647025,www.circlehealthgroup.co.uk/hospitals/the-meriden-hospital,52,Yes,2011-05-11,Good,2024-03-07,Hospital; Diagnosis/screening,Caring for adults over 65 yrs; Caring for adults under 65 yrs; Physical disabilities; Sensory impairment,02164270,2025-11-01T23:24:46.704Z
1-128767127,1-102643500,The Priory Hospital,Circle Health Group Limited,Priory Road,Edgbaston,Birmingham,West Midlands,B5 7UG,West Midlands,Birmingham,Birmingham Edgbaston,52.4558945,-1.9133265,01214402323,www.circlehealthgroup.co.uk/hospitals/the-priory-hospital,118,Yes,2011-05-11,Not rated,,Hospital; Diagnosis/screening,Caring for adults over 65 yrs; Caring for adults under 65 yrs; Physical disabilities; Sensory impairment,02164270,2025-11-01T23:24:46.906Z
1-129798265,1-102643305,Spire Little Aston Hospital,Spire Healthcare Limited,Little Aston Hall Drive,Little Aston,Sutton Coldfield,West Midlands,B74 3UP,West Midlands,Staffordshire,Tamworth,52.599622,-1.875577,01213532444,www.spirehealthcare.com/littleaston,53,Yes,2010-11-03,Good,2019-11-18,Hospital,Caring for children; Services for everyone,01522532,2025-11-01T23:24:48.703Z
1-129798341,1-102643305,Spire Parkway Hospital,Spire Healthcare Limited,1 Damson Parkway,,Solihull,West Midlands,B91 2PP,West Midlands,Solihull,Meriden and Solihull East,52.420998,-1.7623104,01217045500,www.spirehealthcare.com/parkway,55,Yes,2010-11-03,Good,2019-12-10,Hospital,Services for everyone,01522532,2025-11-01T23:24:48.814Z
1-129798393,1-102643305,Spire South Bank Hospital,Spire Healthcare Limited,139 Bath Road,,Worcester,Worcestershire,WR5 3YB,West Midlands,Worcestershire,Worcester,52.1810969,-2.2162432,01905350003,www.spirehealthcare.com/southbank,41,Yes,2010-11-03,Good,2022-02-10,Hospital,Caring for children; Services for everyone,01522532,2025-11-01T23:24:48.976Z
1-13786530657,1-9317992262,Renew Skin & Health Clinic Limited Ltd,Renew Skin & Health Clinic Ltd,18 Guy Street,,Leamington Spa,Warwickshire,CV32 4RT,West Midlands,Warwickshire,Warwick and Leamington,52.2928245,-1.5351299,,www.renewskinandhealthclinic.co.uk,0,No,2022-09-15,Not rated,,Hospital; Clinic,Caring for adults over 65 yrs; Caring for adults under 65 yrs,07359901,2025-11-01T23:24:52.886Z
1-14180704375,1-14142727285,Burcot Hall Hospital,Transform Healthcare Limited,Stoney Lane,Tardebigge,Bromsgrove,Worcestershire,B60 1LY,West Midlands,Worcestershire,Bromsgrove,52.333442,-2.002685,01214457500,,0,No,2022-12-01,Not rated,,Hospital; Doctors/Gps,Caring for adults over 65 yrs; Caring for adults under 65 yrs,10616065,2025-11-01T23:24:53.714Z
1-16544759411,1-14872688288,Optimised Care Limited,Optimised Care Limited,Burcot Hall Hospital,Stoney Lane,Bromsgrove,,B60 1LY,West Midlands,Worcestershire,Bromsgrove,52.3323776,-2.0057452,,www.optimisedcare.com,0,No,2023-08-07,Not rated,,Hospital,Caring for adults over 65 yrs; Caring for adults under 65 yrs,11321367,2025-11-01T23:25:02.551Z
1-18175063301,1-101728688,HCA Healthcare UK The Harborne Hospital,HCA International Limited,Mindelsohn Way,,Birmingham,,B15 2FQ,West Midlands,,Birmingham Edgbaston,,,02076164848,www.hcainternational.co.uk,0,No,2024-01-04,Not rated,,Hospital,Caring for adults over 65 yrs; Caring for adults under 65 yrs,03020522,2025-11-01T23:25:07.681Z
1-19217875647,1-116865921,"Practice Plus Group Hospital, Birmingham",Practice Plus Group Hospitals Limited,22 Somerset Road,Edgbaston,Birmingham,West Midlands,B15 2QQ,West Midlands,Birmingham,Birmingham Edgbaston,52.4575954,-1.9328885,01214562000,,0,No,2024-06-13,Requires improvement,2020-01-15,Hospital,Caring for adults over 65 yrs; Caring for adults under 65 yrs,03462881,2025-11-01T23:25:10.598Z
1-23180321662,1-21252307775,Joseph House,Healthcare MGMT UK Limited,970 Stratford Road,Shirley,Solihull,,B90 4ED,West Midlands,Solihull,Solihull West and Shirley,52.3888009,-1.8044776,08000608623,www.enhancemedicalgroup.com,0,No,2025-09-12,Not rated,,Hospital,Caring for adults over 65 yrs; Caring for adults under 65 yrs,14712418,2025-11-01T23:25:24.229Z
1-115574458,1-102643516,Nuffield Health Derby Hospital,Nuffield Health,Rykneld Road,Littleover,Derby,Derbyshire,DE23 4SN,East Midlands,Derby,Derby North,52.893547,-1.53017,01332540100,www.nuffieldhealth.com/hospitals/derby,50,Yes,2010-11-26,Good,2016-05-06,Hospital,Caring for adults over 65 yrs; Caring for adults under 65 yrs; Caring for children; Physical disabilities; Sensory impairment,00576970,2025-11-01T23:26:45.646Z
1-115574597,1-102643516,Nuffield Health Leicester Hospital,Nuffield Health,Scraptoft Lane,,Leicester,Leicestershire,LE5 1HY,East Midlands,Leicester,Leicester East,52.6442736,-1.0713018,01162769401,www.nuffieldhealth.com/hospitals/leicester,0,No,2010-11-26,Good,2023-10-26,Hospital,Caring for adults over 65 yrs; Caring for adults under 65 yrs; Caring for children; Physical disabilities; Sensory impairment,00576970,2025-11-01T23:26:45.776Z
1-128732808,1-102643458,Boston West Hospital,Ramsay Health Care UK Operations Limited,Boston West Business Park,Sleaford Road,Boston,Lincolnshire,PE21 8EG,East Midlands,Lincolnshire,Boston and Skegness,52.975942,-0.033522,01205591860,www.ramsayhealth.co.uk,0,No,2010-12-20,Good,2015-10-23,Hospital; Clinic,Caring for adults over 65 yrs; Caring for adults under 65 yrs,01532937,2025-11-01T23:26:51.876Z
1-128733213,1-102643458,Woodland Hospital,Ramsay Health Care UK Operations Limited,Rothwell  Road,,Kettering,Northamptonshire,NN16 8XF,East Midlands,North Northamptonshire,Kettering,52.4118801,-0.7688078,01536414515,www.ramsayhealth.co.uk,39,Yes,2010-12-20,Good,2019-01-28,Hospital,Caring for adults over 65 yrs; Caring for adults under 65 yrs,01532937,2025-11-01T23:26:51.977Z
1-128766946,1-102643500,Lincoln Private Hospital,Circle Health Group Limited,Nettleham Road,,Lincoln,Lincolnshire,LN2 1QU,East Midlands,Lincolnshire,Lincoln,53.238106,-0.533101,01522578000,www.circlehealthgroup.co.uk/hospitals/the-lincoln-hospital,32,Yes,2011-05-11,Good,2016-05-27,Hospital; Diagnosis/screening,Caring for adults over 65 yrs; Caring for adults under 65 yrs; Physical disabilities; Sensory impairment,02164270,2025-11-01T23:26:52.076Z
1-128767084,1-102643500,The Park Hospital,Circle Health Group Limited,Sherwood Lodge Drive,"Burntstump Country Park, Arnold",Nottingham,Nottinghamshire,NG5 8RX,East Midlands,Nottinghamshire,Sherwood Forest,53.0501123,-1.1428827,01159662000,www.circlehealthgroup.co.uk/hospitals/the-park-hospital,92,Yes,2011-05-11,Not rated,,Hospital; Diagnosis/screening,Caring for adults over 65 yrs; Caring for adults under 65 yrs; Caring for children; Physical disabilities; Sensory impairment,02164270,2025-11-01T23:26:52.192Z
1-129798247,1-102643305,Spire Leicester Hospital,Spire Healthcare Limited,Gartree Road,,Oadby,Leicestershire,LE2 2FF,East Midlands,Leicestershire,"Harborough, Oadby and Wigston",52.6136245,-1.0779318,01162720888,www.spirehealthcare.com,54,Yes,2010-10-13,Good,2016-02-19,Hospital,Caring for children; Services for everyone,01522532,2025-11-01T23:26:54.070Z
1-1512006286,1-102643458,Woodthorpe Hospital,Ramsay Health Care UK Operations Limited,748 Mansfield Road,Woodthorpe,Nottingham,Nottinghamshire,NG5 3FZ,East Midlands,Nottinghamshire,Gedling,52.9905008,-1.1386259,01159209209,www.ramsayhealth.co.uk,0,No,2014-07-22,Not rated,,Hospital,Caring for adults over 65 yrs; Caring for adults under 65 yrs; Dementia,01532937,2025-11-01T23:27:02.643Z
1-2079393249,1-2021432317,Three Shires Hospital,Three Shires Hospital LLP,The Avenue,Cliftonville,Northampton,Northamptonshire,NN1 5DR,East Midlands,West Northamptonshire,Northampton South,52.2361578,-0.8743084,01604620311,www.circlehealthgroup.co.uk/hospitals/three-shires-hospital,0,No,2015-05-29,Not rated,,Hospital,Caring for adults over 65 yrs; Caring for adults under 65 yrs,OC398963,2025-11-01T23:27:13.154Z
1-3222321660,1-102643305,Spire Nottingham Hospital,Spire Healthcare Limited,Tollerton Lane,Tollerton,Nottingham,Nottinghamshire,NG12 4GA,East Midlands,Nottinghamshire,Rushcliffe,52.9186681,-1.0830966,01159377800,www.spirehealthcare.com/nottingham,0,No,2017-04-18,Outstanding,2024-02-01,Hospital,Services for everyone,01522532,2025-11-01T23:27:24.676Z
1-10312211757,1-125892793,One Health Group - Head Office,One Health Group PLC,131 Psalter Lane,,Sheffield,South Yorkshire,S11 8UX,Yorkshire & Humberside,Sheffield,Sheffield Central,53.364436,-1.500904,01142505510,www.onehealth.co.uk,0,No,2021-02-01,Not rated,,Hospital; Clinic,Caring for adults over 65 yrs; Caring for adults under 65 yrs,04201068,2025-11-01T23:28:15.108Z
1-112968810,1-101635419,St Hugh's Hospital,The Healthcare Management Trust,Peaks Lane,,Grimsby,Lincolnshire,DN32 9RP,Yorkshire & Humberside,North East Lincolnshire,Great Grimsby and Cleethorpes,53.551052,-0.07382,01472251100,www.sthughshospital.co.uk,31,Yes,2010-12-17,Requires improvement,2019-05-31,Hospital,Caring for adults over 65 yrs; Caring for adults under 65 yrs,01932882,2025-11-01T23:28:19.381Z
1-115574578,1-102643516,Nuffield Health Leeds Hospital,Nuffield Health,2 Leighton Street,,Leeds,West Yorkshire,LS1 3EB,Yorkshire & Humberside,Leeds,Leeds Central and Headingley,53.8006706,-1.5542769,01133227251,www.nuffieldhealth.com/hospitals/leeds,88,Yes,2010-11-26,Not rated,,Hospital,Caring for adults over 65 yrs; Caring for adults under 65 yrs; Caring for children; Physical disabilities; Sensory impairment,00576970,2025-11-01T23:28:20.410Z
1-115574877,1-102643516,Nuffield Health York Hospital,Nuffield Health,Haxby Road,,York,,YO31 8TA,Yorkshire & Humberside,York,York Central,53.9735441,-1.0748019,01904715000,www.nuffieldhealth.com/hospitals/york,42,Yes,2010-11-26,Not rated,,Hospital,Caring for adults over 65 yrs; Caring for adults under 65 yrs; Caring for children; Physical disabilities; Sensory impairment,00576970,2025-11-01T23:28:20.573Z
1-11891937603,1-11414713846,Claremont Hospital,Claremont Hospital LLP,401 Sandygate Road,,Sheffield,South Yorkshire,S10 5UB,Yorkshire & Humberside,Sheffield,Sheffield Hallam,53.375454,-1.536039,01142630330,www.spirehealthcare.com,0,No,2021-11-11,Not rated,,Hospital,Services for everyone,OC385492,2025-11-01T23:28:21.985Z
1-1285188923,1-1186435644,North of England Hyperbaric Services Limited,North of England Medical Hyperbaric Services Limited,"Spire, Hull and East Riding Hospital","Lowfield Road, Anlaby",Hull,North Humberside,HU10 7AZ,Yorkshire & Humberside,East Riding of Yorkshire,Kingston upon Hull West and Haltemprice,53.7392732,-0.4350316,01482659471,,0,No,2014-03-10,Inspected but not rated,2015-12-29,Hospital; Hyperbaric chamber services,Caring for adults over 65 yrs; Caring for adults under 65 yrs; Caring for children,03373813,2025-11-01T23:28:28.111Z
1-128733159,1-102643458,The Yorkshire Clinic,Ramsay Health Care UK Operations Limited,Bradford Road,,Bingley,West Yorkshire,BD16 1TW,Yorkshire & Humberside,Bradford,Shipley,53.832254,-1.818104,01274550600,www.ramsayhealth.co.uk,72,Yes,2010-12-20,Not rated,,Hospital,Caring for adults over 65 yrs; Caring for adults under 65 yrs,01532937,2025-11-01T23:28:28.488Z
1-128766718,1-102643500,The Duchy Hospital,Circle Health Group Limited,Queens Road,,Harrogate,North Yorkshire,HG2 0HF,Yorkshire & Humberside,North Yorkshire,Harrogate and Knaresborough,53.9875849,-1.5478172,01423567136,www.circlehealthgroup.co.uk/hospitals/the-duchy-hospital,27,Yes,2011-05-11,Good,2024-02-09,Hospital; Diagnosis/screening,Caring for adults over 65 yrs; Learning disabilities; Physical disabilities; Sensory impairment,02164270,2025-11-01T23:28:28.596Z
1-128766884,1-102643500,Huddersfield Private Hospital,Circle Health Group Limited,Birkby Hall Road,Birkby,Huddersfield,West Yorkshire,HD2 2BL,Yorkshire & Humberside,Kirklees,Huddersfield,53.6590582,-1.7999362,01484533131,ww.circlehealthgroup.co.uk/hospitals/the-huddersfield-hospital,29,Yes,2011-05-11,Requires improvement,2019-12-23,Hospital; Diagnosis/screening,Caring for adults over 65 yrs; Caring for adults under 65 yrs,02164270,2025-11-01T23:28:28.871Z
1-128767375,1-102643500,Thornbury Hospital,Circle Health Group Limited,312 Fulwood Road,,Sheffield,South Yorkshire,S10 3BR,Yorkshire & Humberside,Sheffield,Sheffield Hallam,53.374535,-1.517275,01142661133,www.circlehealthgroup.co.uk/hospitals/thornbury-hospital,77,Yes,2011-05-11,Good,2019-11-19,Hospital; Diagnosis/screening,Caring for adults over 65 yrs; Caring for adults under 65 yrs; Caring for children; Physical disabilities; Sensory impairment,02164270,2025-11-01T23:28:28.964Z
1-129798228,1-102643305,Spire Leeds Hospital,Spire Healthcare Limited,Jackson Avenue,Roundhay,Leeds,West Yorkshire,LS8 1NT,Yorkshire & Humberside,Leeds,Leeds North East,53.8324847,-1.513933,01132693939,www.spirehealthcare.com/leeds,88,Yes,2010-11-03,Good,2020-06-01,Hospital,Caring for children; Services for everyone,01522532,2025-11-01T23:28:30.632Z
1-138502307,1-116865905,Park Hill Hospital,Independent British Healthcare (Doncaster) Limited,Thorne Road,,Doncaster,South Yorkshire,DN2 5TH,Yorkshire & Humberside,Doncaster,Doncaster Central,53.5303841,-1.1116209,01302730300,www.ramsayhealth.co.uk,22,Yes,2010-12-08,Good,2019-11-20,Hospital,Caring for adults over 65 yrs; Caring for adults under 65 yrs,03043168,2025-11-01T23:28:35.599Z
1-20400631674,1-20295008752,NHS Humber Health Partnership: Hull Royal Infirmary,Hull & East Yorkshire Anaesthetic Syndicate (Hull) Ltd,Hull Royal Infirmary,Anlaby Road,Hull,North Humberside,HU3 2JZ,Yorkshire & Humberside,"Kingston upon Hull, City of",Kingston upon Hull North and Cottingham,53.744113,-0.358146,07890890097,www.heyas.co.uk,0,No,2024-11-18,Not rated,,Hospital,Services for everyone,15023877,2025-11-01T23:28:54.784Z
1-20400631704,1-20295008752,NHS Humber Health Partnership: Castle Hill Hospital,Hull & East Yorkshire Anaesthetic Syndicate (Hull) Ltd,Castle Hill Hospital,Castle Road,Cottingham,Humberside,HU16 5JQ,Yorkshire & Humberside,East Riding of Yorkshire,Kingston upon Hull North and Cottingham,53.7767536,-0.4449901,07890890097,www.heyas.co.uk,0,No,2024-11-18,Not rated,,Hospital,Services for everyone,15023877,2025-11-01T23:28:54.915Z
1-20400631725,1-20295008752,NHS Humber Health Partnership: Goole & District Hospital,Hull & East Yorkshire Anaesthetic Syndicate (Hull) Ltd,Goole & District Hospital,Woodland Avenue,Goole,,DN14 6RX,Yorkshire & Humberside,East Riding of Yorkshire,Goole and Pocklington,53.7154831,-0.8749359,07890890097,www.heyas.co.uk,0,No,2024-11-18,Not rated,,Hospital,Services for everyone,15023877,2025-11-01T23:28:55.016Z
1-22161612155,1-7337623585,The Vitalia Clinic,Menwell Limited,"Unit B, Spectrum Park",Whitehouse Stree,Leeds,,LS10 1AD,Yorkshire & Humberside,Leeds,Leeds South,53.7847431,-1.532818,01135218580,www.manual.co,0,No,2025-06-16,Not rated,,Hospital,Caring for adults over 65 yrs; Caring for adults under 65 yrs,11476975,2025-11-01T23:29:04.130Z
1-23871386365,1-158804030,ACES (Meadowhall Sheffield),Anglia Community Eye Service Limited,The Gallery,Meadowhall Shopping Centre,Sheffield,,S9 1EP,Yorkshire & Humberside,Sheffield,Sheffield South East,53.4141965,-1.4135889,03331882937,www.aces-eyeclinic.co.uk,0,No,2025-07-15,Not rated,,Hospital,Caring for adults over 65 yrs; Caring for adults under 65 yrs,05632363,2025-11-01T23:29:09.673Z
1-2745185984,1-102643305,Spire Methley Park Hospital,Spire Healthcare Limited,Methley Lane,Methley,Leeds,West Yorkshire,LS26 9HG,Yorkshire & Humberside,Leeds,Wakefield and Rothwell,53.7404596,-1.4233287,01977518518,www.spirehealthcare.com,0,No,2016-07-01,Good,2024-01-22,Hospital,Services for everyone,01522532,2025-11-01T23:29:18.850Z
1-2745570008,1-102643305,Spire Hull & East Riding Hospital,Spire Healthcare Limited,Lowfield Road,Anlaby,Hull,North Humberside,HU10 7AZ,Yorkshire & Humberside,East Riding of Yorkshire,Kingston upon Hull West and Haltemprice,53.7392732,-0.4350316,,www.spirehealthcare.com,0,No,2016-07-01,Good,2018-11-15,Hospital,Services for everyone,01522532,2025-11-01T23:29:18.984Z
1-2745680580,1-102643305,Spire Elland Hospital including Longlands Consulting Rooms,Spire Healthcare Limited,Elland Lane,,Elland,West Yorkshire,HX5 9EB,Yorkshire & Humberside,Calderdale,Calder Valley,53.688791,-1.82893,,www.spirehealthcare.com,0,No,2016-07-01,Good,2017-03-21,Hospital,Services for everyone,01522532,2025-11-01T23:29:19.272Z
1-5587637271,1-5535889562,Clifton Park Hospital Limited,Clifton Park Hospital Limited,"Bluebeck Drive, Shipton Road",,York,,YO30 5RA,Yorkshire & Humberside,York,York Outer,53.9785277,-1.1135585,01904464550,,0,No,2018-10-01,Good,2022-05-09,Hospital,Caring for adults over 65 yrs; Caring for adults under 65 yrs,11140716,2025-11-01T23:29:41.225Z
1-108411638,1-101634722,First Trust Hospital,Anaster Limited,Durton Lane,Broughton,Preston,Lancashire,PR3 5LD,North West,Lancashire,Ribble Valley,53.8040949,-2.7115026,01772860884,www.firsttrusthospital.org,9,Yes,2010-11-24,Good,2022-09-01,Hospital,Caring for adults over 65 yrs; Caring for adults under 65 yrs; Services for everyone,05005443,2025-11-01T23:30:27.392Z
1-115574737,1-102643516,Nuffield Health The Grosvenor Hospital Chester,Nuffield Health,Wrexham Road,,Chester,Cheshire,CH4 7QP,North West,Cheshire West and Chester,Chester South and Eddisbury,53.1763575,-2.8952629,01244680444,www.nuffieldhealth.com/hospitals/chester,36,Yes,2010-11-26,Good,2016-12-23,Hospital,Caring for adults over 65 yrs; Caring for adults under 65 yrs; Caring for children; Physical disabilities; Sensory impairment,00576970,2025-11-01T23:30:31.606Z
1-12696028155,1-158826172,Star Clinic,Star Clinic Limited,4-5 Hope Square,,Altrincham,,WA14 2YQ,North West,,Altrincham and Sale West,,,03717054565,www.starclinic.co.uk,0,No,2023-07-03,Good,2021-10-15,Hospital,Caring for adults over 65 yrs; Caring for adults under 65 yrs,06460462,2025-11-01T23:30:47.962Z
1-128732725,1-102643458,Euxton Hall Hospital,Ramsay Health Care UK Operations Limited,Wigan Road,Euxton,Chorley,Lancashire,PR7 6DY,North West,Lancashire,South Ribble,53.660948,-2.676313,01257276261,www.ramsayhealth.co.uk,29,Yes,2010-12-20,Good,2017-03-28,Hospital,Caring for adults over 65 yrs; Caring for adults under 65 yrs,01532937,2025-11-01T23:30:49.510Z
1-128732946,1-102643458,Fulwood Hall Hospital,Ramsay Health Care UK Operations Limited,Midgery Lane,Fulwood,Preston,Lancashire,PR2 9SZ,North West,Lancashire,Preston,53.7863325,-2.6840335,01772704111,www.ramsayhealth.co.uk,30,Yes,2010-12-20,Good,2018-12-06,Hospital,Caring for adults over 65 yrs; Caring for adults under 65 yrs,01532937,2025-11-01T23:30:49.635Z
1-128733032,1-102643458,Oaklands Hospital,Ramsay Health Care UK Operations Limited,19 Lancaster Road,,Salford,Greater Manchester,M6 8AQ,North West,Salford,Salford,53.4919275,-2.3210451,01617877700,www.ramsayhealth.co.uk,28,Yes,2010-12-20,Not rated,,Hospital,Caring for adults over 65 yrs; Caring for adults under 65 yrs,01532937,2025-11-01T23:30:49.775Z
1-128733087,1-102643458,Renacres Hospital,Ramsay Health Care UK Operations Limited,Renacres Lane,Halsall,Ormskirk,Lancashire,L39 8SE,North West,Lancashire,West Lancashire,53.6010906,-2.9536255,01704841133,www.ramsayhealth.co.uk,32,Yes,2010-12-20,Good,2016-12-28,Hospital,Caring for adults over 65 yrs; Caring for adults under 65 yrs,01532937,2025-11-01T23:30:49.865Z
1-128758505,1-102643500,The Beardwood Hospital,Circle Health Group Limited,Preston New Road,,Blackburn,Lancashire,BB2 7AE,North West,Blackburn with Darwen,Blackburn,53.7550539,-2.5131722,01254507607,www.circlehealthgroup.co.uk/hospitals/the-beardwood-hospital,31,Yes,2011-05-11,Good,2017-05-26,Hospital; Diagnosis/screening,Caring for adults over 65 yrs; Caring for adults under 65 yrs; Physical disabilities; Sensory impairment,02164270,2025-11-01T23:30:50.194Z
1-128758526,1-102643500,The Beaumont Hospital,Circle Health Group Limited,Old Hall Clough,Chorley New Road,Lostock Bolton,Lancashire,BL6 4LA,North West,Bolton,Bolton West,53.5815049,-2.4993042,01204404404,www.circlehealthgroup.co.uk/hospitals/the-beaumont-hospital,34,Yes,2011-05-11,Not rated,,Hospital,Caring for adults over 65 yrs; Caring for adults under 65 yrs; Physical disabilities; Sensory impairment,02164270,2025-11-01T23:30:50.363Z
1-128758569,1-102643500,The Alexandra Hospital,Circle Health Group Limited,Mill Lane,,Cheadle,Cheshire,SK8 2PX,North West,Stockport,Cheadle,53.397264,-2.215828,01614283656,www.circlehealthgroup.co.uk/hospitals/the-alexandra-hospital,170,Yes,2011-05-11,Good,2022-03-09,Hospital,Caring for adults over 65 yrs; Caring for adults under 65 yrs; Caring for children; Physical disabilities; Sensory impairment,02164270,2025-11-01T23:30:50.474Z
1-128766862,1-102643500,The Highfield Hospital,Circle Health Group Limited,Manchester Road,,Rochdale,Lancashire,OL11 4LZ,North West,Rochdale,Heywood and Middleton North,53.6065185,-2.1675034,01706655121,www.circlehealthgroup.co.uk/hospitals/the-highfield-hospital,0,No,2011-05-11,Outstanding,2022-08-08,Hospital; Diagnosis/screening,Caring for adults over 65 yrs; Caring for adults under 65 yrs; Physical disabilities; Sensory impairment,02164270,2025-11-01T23:30:50.585Z
1-128766928,1-102643500,Lancaster Private Hospital,Circle Health Group Limited,Meadowside,,Lancaster,Lancashire,LA1 3RH,North West,Lancashire,Lancaster and Wyre,54.0432016,-2.795404,0152462345,www.circlehealthgroup.co.uk/hospitals/the-lancaster-hospital,27,Yes,2011-05-11,Requires improvement,2019-10-15,Hospital; Diagnosis/screening,Caring for adults over 65 yrs; Caring for adults under 65 yrs; Physical disabilities; Sensory impairment,02164270,2025-11-01T23:30:50.691Z
1-129798153,1-102643305,Spire Cheshire Hospital,Spire Healthcare Limited,Fir Tree Close,Stretton,Warrington,Cheshire,WA4 4LU,North West,Warrington,Warrington South,53.3374853,-2.5763467,01925215002,www.spirehealthcare.com/cheshire,38,Yes,2010-10-13,Outstanding,2017-05-17,Hospital,Caring for children; Services for everyone,01522532,2025-11-01T23:30:54.794Z
1-129798303,1-102643305,Spire Murrayfield Hospital,Spire Healthcare Limited,Holmwood Drive,Thingwall,Wirral,Merseyside,CH61 1AU,North West,Wirral,Wirral West,53.349272,-3.080113,08456002110,www.spirehealthcare.com,0,No,2010-10-13,Good,2022-07-21,Hospital,Caring for adults over 65 yrs; Caring for adults under 65 yrs; Services for everyone,01522532,2025-11-01T23:30:55.301Z
1-13672768016,1-126141122,Laurie Solomon Renal Centre,Diaverum Facilities Management Limited,Old Bank Lane,,Blackburn,,BB1 2PW,North West,Blackburn with Darwen,Blackburn,53.7368157,-2.4555426,01727737680,www.diaverum.com,0,No,2022-08-16,Not rated,,Hospital,Caring for adults over 65 yrs; Caring for adults under 65 yrs; Physical disabilities,06615243,2025-11-01T23:30:59.718Z
1-14184948791,1-14142727285,Pines Hospital,Transform Healthcare Limited,192 Altrincham Road,,Manchester,Lancashire,M22 4RZ,North West,Manchester,Wythenshawe and Sale East,53.393866,-2.252758,01614952400,,0,No,2022-12-01,Good,2022-08-15,Hospital; Doctors/Gps,Caring for adults over 65 yrs; Caring for adults under 65 yrs,10616065,2025-11-01T23:31:03.036Z
1-20398593065,1-102643500,Fairfield Independent Hospital,Circle Health Group Limited,Crank Road,Crank,St. Helens,,WA11 7RS,North West,St. Helens,St Helens North,53.4845649,-2.7500743,07711817745,,32,Yes,2025-04-02,Good,2017-01-25,Hospital,Caring for adults over 65 yrs; Caring for adults under 65 yrs; Caring for children,02164270,2025-11-01T23:31:30.868Z
1-20398917693,1-2120429146,Holes Lane Surgery,Manchester Medics Limited,28 Holes Lane,Woolston,Warrington,Cheshire,WA1 4NE,North West,Warrington,Warrington North,53.3999827,-2.5451401,01925599855,,0,No,2024-12-04,Not rated,,Hospital,Caring for adults over 65 yrs; Caring for adults under 65 yrs; Caring for children,08391508,2025-11-01T23:31:31.050Z
1-24876791337,1-585407111,First Trust Hospital,Bespoke Healthcare Limited,Durton Lane,,Preston,,PR3 5LD,North West,Lancashire,Ribble Valley,53.8040949,-2.7115026,01772860884,www.bespokehealthcare.co.uk,0,No,2025-10-27,Good,2022-09-01,Hospital,Caring for adults over 65 yrs; Caring for adults under 65 yrs,05886937,2025-11-01T23:31:45.368Z
1-2745329906,1-102643305,Spire Regency Hospital,Spire Healthcare Limited,West Street,,Macclesfield,Cheshire,SK11 8DW,North West,Cheshire East,Macclesfield,53.2608779,-2.1374242,01625501150,www.spirehealthcare.com/regency,0,No,2016-07-01,Good,2022-02-11,Hospital,Services for everyone,01522532,2025-11-01T23:31:49.091Z
1-2745411269,1-102643305,Spire Liverpool Hospital,Spire Healthcare Limited,57 Greenbank Road,,Liverpool,Merseyside,L18 1HQ,North West,Liverpool,Liverpool Wavertree,53.3852869,-2.9241168,01517337123,www.spirehealthcare.com,0,No,2016-07-01,Good,2022-10-03,Hospital,Services for everyone,01522532,2025-11-01T23:31:49.189Z
1-2745681065,1-102643305,Spire Fylde Coast Hospital,Spire Healthcare Limited,Fylde Coast Hospital,St Walburgas Road,Blackpool,Lancashire,FY3 8BP,North West,Blackpool,Blackpool South,53.826067,-3.0195806,,www.spirehealthcare.com,0,No,2016-07-01,Good,2019-09-02,Hospital,Services for everyone,01522532,2025-11-01T23:31:49.302Z
1-3075405928,1-102643305,Spire Manchester Hospital,Spire Healthcare Limited,170 Barlow Moor Road,West Didsbury,Manchester,,M20 2AF,North West,Manchester,Manchester Withington,53.4250685,-2.2529531,01614476677,www.spirehealthcare.com,0,No,2017-01-22,Outstanding,2022-10-20,Hospital,Services for everyone,01522532,2025-11-01T23:31:52.720Z
1-336444251,1-302798581,HCA Healthcare UK The Christie Private Care,The Christie Clinic LLP,The Christie NHS Foundation Trust,550 Wilmslow Road,Manchester,Lancashire,M20 4BX,North West,Manchester,Manchester Withington,53.429767,-2.230125,01614463480,www.thechristieclinic.co.uk,34,Yes,2011-11-15,Outstanding,2018-06-20,Hospital,Caring for adults over 65 yrs; Caring for adults under 65 yrs; Caring for children,OC355132,2025-11-01T23:31:54.540Z
1-6683212183,1-6648341193,ASET Hospital,ASET Hospital Limited,1 Sandstone Drive,Whiston,Prescot,,L35 7LS,North West,Knowsley,St Helens South and Whiston,53.4244892,-2.7829501,01514264777,www.asethospital.co.uk,0,No,2019-08-30,Requires improvement,2023-02-17,Hospital,Caring for adults over 65 yrs; Caring for adults under 65 yrs; Physical disabilities,07898413,2025-11-01T23:32:18.360Z
1-115574618,1-102643516,Nuffield Health Newcastle-upon-Tyne Hospital,Nuffield Health,Clayton Road,,Newcastle Upon Tyne,Tyne and Wear,NE2 1JP,North East,Newcastle upon Tyne,Newcastle upon Tyne North,54.9866199,-1.6053068,01912816131,www.nuffieldhealth.com/hospitals/newcastle,40,Yes,2010-11-26,Good,2016-08-17,Hospital,Caring for adults over 65 yrs; Caring for adults under 65 yrs; Caring for children; Physical disabilities; Sensory impairment,00576970,2025-11-01T23:33:48.108Z
1-115574718,1-102643516,Nuffield Health Tees Hospital,Nuffield Health,Junction Road,Norton,Stockton On Tees,County Durham,TS20 1PX,North East,Stockton-on-Tees,Stockton North,54.5933255,-1.3353092,01642360100,www.nuffieldhealth.com/hospitals/tees,31,Yes,2010-11-26,Good,2022-04-19,Hospital,Caring for adults over 65 yrs; Caring for adults under 65 yrs; Caring for children; Physical disabilities; Sensory impairment,00576970,2025-11-01T23:33:48.204Z
1-128767416,1-102643500,Woodlands Hospital,Circle Health Group Limited,Morton Park Way,,Darlington,County Durham,DL1 4PL,North East,Darlington,Stockton West,54.52036,-1.504671,01325341700,www.circlehealthgroup.co.uk/hospitals/woodlands-hospital,38,Yes,2011-05-11,Good,2016-08-11,Hospital; Diagnosis/screening,Caring for adults over 65 yrs; Caring for adults under 65 yrs; Caring for children; Physical disabilities; Sensory impairment,02164270,2025-11-01T23:33:54.718Z
1-129798468,1-102643305,Spire Washington Hospital,Spire Healthcare Limited,Picktree Lane,Rickleton,Washington,Tyne and Wear,NE38 9JZ,North East,Sunderland,Washington and Gateshead South,54.8793725,-1.5591284,01914188660,www.spirehealthcare.com/washington,47,Yes,2010-10-13,Good,2020-05-08,Hospital,Caring for children; Services for everyone,01522532,2025-11-01T23:33:55.203Z
1-4481543105,1-102643458,Tees Valley Hospital,Ramsay Health Care UK Operations Limited,Church Lane,Acklam,Middlesbrough,Cleveland,TS5 7DX,North East,Middlesbrough,Middlesbrough and Thornaby East,54.5463762,-1.2467152,,www.ramsayhealth.co.uk,19,Yes,2018-02-02,Good,2022-03-28,Hospital,Caring for adults over 65 yrs; Caring for adults under 65 yrs,01532937,2025-11-01T23:34:15.078Z